Sample ID	empo_0	empo_1	empo_2	empo_3	empo_4	empo_x
#q2:types	categorical	categorical	categorical	categorical	categorical
13114.angenent.65.s001	EMP sample	Host-associated	Host-associated (n-s)	Animal (n-s)	Animal proximal gut (non-saline)	Animal proximal gut
13114.angenent.65.s002	EMP sample	Host-associated	Host-associated (n-s)	Animal (n-s)	Animal proximal gut (non-saline)	Animal proximal gut
13114.angenent.65.s005	EMP sample	Host-associated	Host-associated (n-s)	Animal (n-s)	Animal proximal gut (non-saline)	Animal proximal gut
13114.angenent.65.s006	EMP sample	Host-associated	Host-associated (n-s)	Animal (n-s)	Animal proximal gut (non-saline)	Animal proximal gut
13114.angenent.65.s007	EMP sample	Host-associated	Host-associated (n-s)	Animal (n-s)	Animal proximal gut (non-saline)	Animal proximal gut
13114.berry.2.s001	EMP sample	Free-living	Free-living (n-s)	Solid (n-s)	Sediment (non-saline)	Sediment
13114.berry.2.s002	EMP sample	Free-living	Free-living (n-s)	Solid (n-s)	Sediment (non-saline)	Sediment
13114.berry.2.s003	EMP sample	Free-living	Free-living (n-s)	Solid (n-s)	Sediment (non-saline)	Sediment
13114.berry.2.s004	EMP sample	Free-living	Free-living (n-s)	Solid (n-s)	Sediment (non-saline)	Sediment
13114.berry.2.s005	EMP sample	Free-living	Free-living (n-s)	Solid (n-s)	Sediment (non-saline)	Sediment
13114.berry.2.s006	EMP sample	Free-living	Free-living (n-s)	Solid (n-s)	Sediment (non-saline)	Sediment
13114.berry.2.s007	EMP sample	Free-living	Free-living (n-s)	Solid (n-s)	Sediment (non-saline)	Sediment
13114.berry.2.s008	EMP sample	Free-living	Free-living (n-s)	Solid (n-s)	Sediment (non-saline)	Sediment
13114.berry.2.s009	EMP sample	Free-living	Free-living (n-s)	Solid (n-s)	Sediment (non-saline)	Sediment
13114.berry.2.s010	EMP sample	Free-living	Free-living (n-s)	Solid (n-s)	Sediment (non-saline)	Sediment
13114.berry.2.s011	EMP sample	Free-living	Free-living (n-s)	Solid (n-s)	Sediment (non-saline)	Sediment
13114.berry.2.s012	EMP sample	Free-living	Free-living (n-s)	Solid (n-s)	Sediment (non-saline)	Sediment
13114.berry.2.s013	EMP sample	Free-living	Free-living (n-s)	Solid (n-s)	Sediment (non-saline)	Sediment
13114.berry.2.s014	EMP sample	Free-living	Free-living (n-s)	Solid (n-s)	Sediment (non-saline)	Sediment
13114.berry.2.s015	EMP sample	Free-living	Free-living (n-s)	Solid (n-s)	Sediment (non-saline)	Sediment
13114.berry.2.s016	EMP sample	Free-living	Free-living (n-s)	Solid (n-s)	Sediment (non-saline)	Sediment
13114.berry.2.s017	EMP sample	Free-living	Free-living (n-s)	Solid (n-s)	Sediment (non-saline)	Sediment
13114.berry.2.s018	EMP sample	Free-living	Free-living (n-s)	Solid (n-s)	Sediment (non-saline)	Sediment
13114.berry.2.s019	EMP sample	Free-living	Free-living (n-s)	Solid (n-s)	Sediment (non-saline)	Sediment
13114.berry.2.s020	EMP sample	Free-living	Free-living (n-s)	Solid (n-s)	Sediment (non-saline)	Sediment
13114.bittleston.68.s001	EMP sample	Host-associated	Host-associated (n-s)	Plant (n-s)	Plant surface (non-saline)	Plant surface
13114.bittleston.68.s002	EMP sample	Host-associated	Host-associated (n-s)	Plant (n-s)	Plant surface (non-saline)	Plant surface
13114.bittleston.68.s003	EMP sample	Host-associated	Host-associated (n-s)	Plant (n-s)	Plant surface (non-saline)	Plant surface
13114.bittleston.68.s004	EMP sample	Host-associated	Host-associated (n-s)	Plant (n-s)	Plant surface (non-saline)	Plant surface
13114.bittleston.68.s005	EMP sample	Host-associated	Host-associated (n-s)	Plant (n-s)	Plant surface (non-saline)	Plant surface
13114.bittleston.68.s006	EMP sample	Host-associated	Host-associated (n-s)	Plant (n-s)	Plant surface (non-saline)	Plant surface
13114.bittleston.68.s007	EMP sample	Host-associated	Host-associated (n-s)	Plant (n-s)	Plant surface (non-saline)	Plant surface
13114.bittleston.68.s008	EMP sample	Host-associated	Host-associated (n-s)	Plant (n-s)	Plant surface (non-saline)	Plant surface
13114.bittleston.68.s009	EMP sample	Host-associated	Host-associated (n-s)	Plant (n-s)	Plant surface (non-saline)	Plant surface
13114.bittleston.68.s010	EMP sample	Host-associated	Host-associated (n-s)	Plant (n-s)	Plant surface (non-saline)	Plant surface
13114.bittleston.68.s011	EMP sample	Host-associated	Host-associated (n-s)	Plant (n-s)	Plant surface (non-saline)	Plant surface
13114.bittleston.68.s012	EMP sample	Host-associated	Host-associated (n-s)	Plant (n-s)	Plant surface (non-saline)	Plant surface
13114.bittleston.68.s013	EMP sample	Host-associated	Host-associated (n-s)	Plant (n-s)	Plant surface (non-saline)	Plant surface
13114.bittleston.68.s014	EMP sample	Host-associated	Host-associated (n-s)	Plant (n-s)	Plant surface (non-saline)	Plant surface
13114.bittleston.68.s015	EMP sample	Host-associated	Host-associated (n-s)	Plant (n-s)	Plant surface (non-saline)	Plant surface
13114.bowen.74.s001	EMP sample	Free-living	Free-living (s)	Solid (s)	Sediment (saline)	Sediment
13114.bowen.74.s002	EMP sample	Free-living	Free-living (s)	Solid (s)	Sediment (saline)	Sediment
13114.bowen.74.s003	EMP sample	Free-living	Free-living (s)	Solid (s)	Sediment (saline)	Sediment
13114.bowen.74.s004	EMP sample	Free-living	Free-living (s)	Solid (s)	Sediment (saline)	Sediment
13114.bowen.74.s005	EMP sample	Free-living	Free-living (s)	Solid (s)	Sediment (saline)	Sediment
13114.bowen.74.s006	EMP sample	Free-living	Free-living (s)	Solid (s)	Sediment (saline)	Sediment
13114.bowen.74.s007	EMP sample	Free-living	Free-living (s)	Solid (s)	Sediment (saline)	Sediment
13114.bowen.74.s008	EMP sample	Free-living	Free-living (s)	Solid (s)	Sediment (saline)	Sediment
13114.bowen.74.s009	EMP sample	Free-living	Free-living (s)	Solid (s)	Sediment (saline)	Sediment
13114.bowen.74.s010	EMP sample	Free-living	Free-living (s)	Solid (s)	Sediment (saline)	Sediment
13114.bowen.74.s011	EMP sample	Free-living	Free-living (s)	Solid (s)	Sediment (saline)	Sediment
13114.bowen.74.s012	EMP sample	Free-living	Free-living (s)	Solid (s)	Sediment (saline)	Sediment
13114.bowen.74.s013	EMP sample	Free-living	Free-living (s)	Solid (s)	Sediment (saline)	Sediment
13114.bowen.74.s014	EMP sample	Free-living	Free-living (s)	Solid (s)	Sediment (saline)	Sediment
13114.bowen.74.s015	EMP sample	Free-living	Free-living (s)	Solid (s)	Sediment (saline)	Sediment
13114.bowen.74.s016	EMP sample	Free-living	Free-living (s)	Solid (s)	Sediment (saline)	Sediment
13114.distel.72.s001	EMP sample	Host-associated	Host-associated (s)	Animal (s)	Animal corpus (saline)	Animal corpus
13114.distel.72.s002	EMP sample	Host-associated	Host-associated (s)	Animal (s)	Animal corpus (saline)	Animal corpus
13114.distel.72.s003	EMP sample	Host-associated	Host-associated (s)	Animal (s)	Animal corpus (saline)	Animal corpus
13114.distel.72.s004	EMP sample	Host-associated	Host-associated (s)	Animal (s)	Animal corpus (saline)	Animal corpus
13114.distel.72.s005	EMP sample	Host-associated	Host-associated (s)	Animal (s)	Animal corpus (saline)	Animal corpus
13114.distel.72.s006	EMP sample	Host-associated	Host-associated (s)	Animal (s)	Animal corpus (saline)	Animal corpus
13114.distel.72.s007	EMP sample	Host-associated	Host-associated (s)	Animal (s)	Animal proximal gut (saline)	Animal proximal gut
13114.distel.72.s008	EMP sample	Host-associated	Host-associated (s)	Animal (s)	Animal proximal gut (saline)	Animal proximal gut
13114.distel.72.s009	EMP sample	Host-associated	Host-associated (s)	Animal (s)	Animal proximal gut (saline)	Animal proximal gut
13114.distel.72.s010	EMP sample	Host-associated	Host-associated (s)	Animal (s)	Animal corpus (saline)	Animal corpus
13114.distel.72.s011	EMP sample	Host-associated	Host-associated (s)	Animal (s)	Animal proximal gut (saline)	Animal proximal gut
13114.distel.72.s012	EMP sample	Host-associated	Host-associated (s)	Animal (s)	Animal proximal gut (saline)	Animal proximal gut
13114.distel.72.s013	EMP sample	Host-associated	Host-associated (s)	Animal (s)	Animal proximal gut (saline)	Animal proximal gut
13114.distel.72.s014	EMP sample	Free-living	Free-living (s)	Aqueous (s)	Surface (saline)	Surface
13114.distel.72.s015	EMP sample	Free-living	Free-living (s)	Aqueous (s)	Surface (saline)	Surface
13114.girguis.50.s001	EMP sample	Host-associated	Host-associated (s)	Animal (s)	Animal distal gut (saline)	Animal distal gut
13114.girguis.50.s002	EMP sample	Host-associated	Host-associated (s)	Animal (s)	Animal distal gut (saline)	Animal distal gut
13114.girguis.50.s003	EMP sample	Host-associated	Host-associated (s)	Animal (s)	Animal distal gut (saline)	Animal distal gut
13114.girguis.50.s004	EMP sample	Host-associated	Host-associated (s)	Animal (s)	Animal distal gut (saline)	Animal distal gut
13114.girguis.50.s005	EMP sample	Host-associated	Host-associated (s)	Animal (s)	Animal distal gut (saline)	Animal distal gut
13114.girguis.50.s006	EMP sample	Host-associated	Host-associated (s)	Animal (s)	Animal distal gut (saline)	Animal distal gut
13114.girguis.50.s007	EMP sample	Host-associated	Host-associated (s)	Animal (s)	Animal distal gut (saline)	Animal distal gut
13114.girguis.50.s008	EMP sample	Host-associated	Host-associated (s)	Animal (s)	Animal distal gut (saline)	Animal distal gut
13114.girguis.50.s009	EMP sample	Host-associated	Host-associated (s)	Animal (s)	Animal distal gut (saline)	Animal distal gut
13114.girguis.50.s010	EMP sample	Host-associated	Host-associated (s)	Animal (s)	Animal distal gut (saline)	Animal distal gut
13114.girguis.50.s011	EMP sample	Host-associated	Host-associated (s)	Animal (s)	Animal distal gut (saline)	Animal distal gut
13114.girguis.50.s012	EMP sample	Host-associated	Host-associated (s)	Animal (s)	Animal distal gut (saline)	Animal distal gut
13114.jensen.43.s001	EMP sample	Free-living	Free-living (s)	Solid (s)	Sediment (saline)	Sediment
13114.jensen.43.s002	EMP sample	Free-living	Free-living (s)	Solid (s)	Sediment (saline)	Sediment
13114.jensen.43.s003	EMP sample	Free-living	Free-living (s)	Solid (s)	Sediment (saline)	Sediment
13114.jensen.43.s004	EMP sample	Free-living	Free-living (s)	Solid (s)	Sediment (saline)	Sediment
13114.jensen.43.s005	EMP sample	Free-living	Free-living (s)	Solid (s)	Sediment (saline)	Sediment
13114.jensen.43.s006	EMP sample	Free-living	Free-living (s)	Solid (s)	Sediment (saline)	Sediment
13114.jensen.43.s007	EMP sample	Free-living	Free-living (s)	Solid (s)	Sediment (saline)	Sediment
13114.jensen.43.s008	EMP sample	Free-living	Free-living (s)	Solid (s)	Sediment (saline)	Sediment
13114.jensen.43.s009	EMP sample	Free-living	Free-living (s)	Solid (s)	Sediment (saline)	Sediment
13114.jensen.43.s010	EMP sample	Free-living	Free-living (s)	Solid (s)	Sediment (saline)	Sediment
13114.jensen.43.s011	EMP sample	Free-living	Free-living (s)	Solid (s)	Sediment (saline)	Sediment
13114.jensen.43.s012	EMP sample	Free-living	Free-living (s)	Solid (s)	Sediment (saline)	Sediment
13114.jensen.43.s013	EMP sample	Free-living	Free-living (s)	Solid (s)	Sediment (saline)	Sediment
13114.jensen.43.s014	EMP sample	Free-living	Free-living (s)	Solid (s)	Sediment (saline)	Sediment
13114.jensen.43.s015	EMP sample	Free-living	Free-living (s)	Solid (s)	Sediment (saline)	Sediment
13114.jensen.43.s016	EMP sample	Free-living	Free-living (s)	Solid (s)	Sediment (saline)	Sediment
13114.jensen.43.s017	EMP sample	Free-living	Free-living (s)	Solid (s)	Sediment (saline)	Sediment
13114.jensen.43.s018	EMP sample	Free-living	Free-living (s)	Solid (s)	Sediment (saline)	Sediment
13114.jensen.43.s019	EMP sample	Free-living	Free-living (s)	Solid (s)	Sediment (saline)	Sediment
13114.king.27.s001	EMP sample	Free-living	Free-living (n-s)	Solid (n-s)	Soil (non-saline)	Soil
13114.king.27.s002	EMP sample	Free-living	Free-living (n-s)	Solid (n-s)	Soil (non-saline)	Soil
13114.king.27.s003	EMP sample	Free-living	Free-living (n-s)	Solid (n-s)	Soil (non-saline)	Soil
13114.king.27.s004	EMP sample	Free-living	Free-living (n-s)	Solid (n-s)	Soil (non-saline)	Soil
13114.king.27.s005	EMP sample	Free-living	Free-living (n-s)	Solid (n-s)	Soil (non-saline)	Soil
13114.king.27.s006	EMP sample	Free-living	Free-living (n-s)	Solid (n-s)	Soil (non-saline)	Soil
13114.king.27.s007	EMP sample	Free-living	Free-living (n-s)	Solid (n-s)	Soil (non-saline)	Soil
13114.king.27.s008	EMP sample	Free-living	Free-living (n-s)	Solid (n-s)	Soil (non-saline)	Soil
13114.king.27.s009	EMP sample	Free-living	Free-living (n-s)	Solid (n-s)	Soil (non-saline)	Soil
13114.king.27.s010	EMP sample	Free-living	Free-living (n-s)	Solid (n-s)	Soil (non-saline)	Soil
13114.king.27.s011	EMP sample	Free-living	Free-living (n-s)	Solid (n-s)	Soil (non-saline)	Soil
13114.king.27.s012	EMP sample	Free-living	Free-living (n-s)	Solid (n-s)	Soil (non-saline)	Soil
13114.king.27.s013	EMP sample	Free-living	Free-living (n-s)	Solid (n-s)	Soil (non-saline)	Soil
13114.king.27.s014	EMP sample	Free-living	Free-living (n-s)	Solid (n-s)	Soil (non-saline)	Soil
13114.king.27.s015	EMP sample	Free-living	Free-living (n-s)	Solid (n-s)	Soil (non-saline)	Soil
13114.king.27.s016	EMP sample	Free-living	Free-living (n-s)	Solid (n-s)	Soil (non-saline)	Soil
13114.king.27.s017	EMP sample	Free-living	Free-living (n-s)	Solid (n-s)	Soil (non-saline)	Soil
13114.king.27.s018	EMP sample	Free-living	Free-living (n-s)	Solid (n-s)	Soil (non-saline)	Soil
13114.king.27.s019	EMP sample	Free-living	Free-living (n-s)	Solid (n-s)	Soil (non-saline)	Soil
13114.king.27.s020	EMP sample	Free-living	Free-living (n-s)	Solid (n-s)	Soil (non-saline)	Soil
13114.king.27.s021	EMP sample	Free-living	Free-living (n-s)	Solid (n-s)	Soil (non-saline)	Soil
13114.macrae.crerar.3.s001	EMP sample	Free-living	Free-living (n-s)	Solid (n-s)	Soil (non-saline)	Soil
13114.macrae.crerar.3.s002	EMP sample	Free-living	Free-living (n-s)	Solid (n-s)	Soil (non-saline)	Soil
13114.macrae.crerar.3.s003	EMP sample	Free-living	Free-living (n-s)	Solid (n-s)	Soil (non-saline)	Soil
13114.macrae.crerar.3.s004	EMP sample	Free-living	Free-living (n-s)	Solid (n-s)	Soil (non-saline)	Soil
13114.macrae.crerar.3.s005	EMP sample	Free-living	Free-living (n-s)	Solid (n-s)	Soil (non-saline)	Soil
13114.macrae.crerar.3.s006	EMP sample	Free-living	Free-living (n-s)	Solid (n-s)	Soil (non-saline)	Soil
13114.macrae.crerar.3.s007	EMP sample	Free-living	Free-living (n-s)	Solid (n-s)	Soil (non-saline)	Soil
13114.macrae.crerar.3.s008	EMP sample	Free-living	Free-living (n-s)	Solid (n-s)	Soil (non-saline)	Soil
13114.macrae.crerar.3.s009	EMP sample	Free-living	Free-living (n-s)	Solid (n-s)	Soil (non-saline)	Soil
13114.macrae.crerar.3.s010	EMP sample	Free-living	Free-living (n-s)	Solid (n-s)	Soil (non-saline)	Soil
13114.macrae.crerar.3.s011	EMP sample	Free-living	Free-living (n-s)	Solid (n-s)	Soil (non-saline)	Soil
13114.macrae.crerar.3.s012	EMP sample	Free-living	Free-living (n-s)	Solid (n-s)	Soil (non-saline)	Soil
13114.makhalanyane.46.s001	EMP sample	Free-living	Free-living (n-s)	Solid (n-s)	Soil (non-saline)	Soil
13114.makhalanyane.46.s002	EMP sample	Free-living	Free-living (n-s)	Solid (n-s)	Soil (non-saline)	Soil
13114.makhalanyane.46.s003	EMP sample	Free-living	Free-living (n-s)	Solid (n-s)	Soil (non-saline)	Soil
13114.makhalanyane.46.s004	EMP sample	Free-living	Free-living (n-s)	Solid (n-s)	Soil (non-saline)	Soil
13114.makhalanyane.46.s005	EMP sample	Free-living	Free-living (n-s)	Solid (n-s)	Soil (non-saline)	Soil
13114.makhalanyane.46.s006	EMP sample	Free-living	Free-living (n-s)	Solid (n-s)	Soil (non-saline)	Soil
13114.makhalanyane.46.s007	EMP sample	Free-living	Free-living (n-s)	Solid (n-s)	Soil (non-saline)	Soil
13114.makhalanyane.46.s008	EMP sample	Free-living	Free-living (n-s)	Solid (n-s)	Soil (non-saline)	Soil
13114.makhalanyane.46.s009	EMP sample	Free-living	Free-living (n-s)	Solid (n-s)	Soil (non-saline)	Soil
13114.makhalanyane.46.s010	EMP sample	Free-living	Free-living (n-s)	Solid (n-s)	Soil (non-saline)	Soil
13114.makhalanyane.47.s001	EMP sample	Free-living	Free-living (n-s)	Solid (n-s)	Soil (non-saline)	Soil
13114.makhalanyane.47.s003	EMP sample	Free-living	Free-living (n-s)	Solid (n-s)	Soil (non-saline)	Soil
13114.makhalanyane.47.s004	EMP sample	Free-living	Free-living (n-s)	Solid (n-s)	Soil (non-saline)	Soil
13114.makhalanyane.47.s005	EMP sample	Free-living	Free-living (n-s)	Solid (n-s)	Soil (non-saline)	Soil
13114.makhalanyane.47.s007	EMP sample	Free-living	Free-living (n-s)	Solid (n-s)	Soil (non-saline)	Soil
13114.makhalanyane.47.s008	EMP sample	Free-living	Free-living (n-s)	Solid (n-s)	Soil (non-saline)	Soil
13114.makhalanyane.47.s009	EMP sample	Free-living	Free-living (n-s)	Solid (n-s)	Soil (non-saline)	Soil
13114.mayer.33.s001	EMP sample	Free-living	Free-living (n-s)	Solid (n-s)	Sediment (non-saline)	Sediment
13114.mayer.33.s002	EMP sample	Free-living	Free-living (n-s)	Solid (n-s)	Sediment (non-saline)	Sediment
13114.mayer.33.s003	EMP sample	Free-living	Free-living (n-s)	Solid (n-s)	Sediment (non-saline)	Sediment
13114.mayer.33.s004	EMP sample	Free-living	Free-living (n-s)	Solid (n-s)	Sediment (non-saline)	Sediment
13114.mayer.33.s005	EMP sample	Free-living	Free-living (n-s)	Solid (n-s)	Sediment (non-saline)	Sediment
13114.mayer.33.s006	EMP sample	Free-living	Free-living (n-s)	Solid (n-s)	Sediment (non-saline)	Sediment
13114.mayer.33.s007	EMP sample	Free-living	Free-living (n-s)	Solid (n-s)	Sediment (non-saline)	Sediment
13114.mayer.34.s001	EMP sample	Free-living	Free-living (n-s)	Solid (n-s)	Sediment (non-saline)	Sediment
13114.mayer.34.s002	EMP sample	Free-living	Free-living (n-s)	Solid (n-s)	Sediment (non-saline)	Sediment
13114.mayer.34.s003	EMP sample	Free-living	Free-living (n-s)	Solid (n-s)	Sediment (non-saline)	Sediment
13114.mayer.34.s004	EMP sample	Free-living	Free-living (n-s)	Solid (n-s)	Sediment (non-saline)	Sediment
13114.mayer.34.s005	EMP sample	Free-living	Free-living (n-s)	Solid (n-s)	Sediment (non-saline)	Sediment
13114.mayer.34.s006	EMP sample	Free-living	Free-living (n-s)	Solid (n-s)	Sediment (non-saline)	Sediment
13114.mayer.34.s007	EMP sample	Free-living	Free-living (n-s)	Solid (n-s)	Sediment (non-saline)	Sediment
13114.mayer.34.s008	EMP sample	Free-living	Free-living (n-s)	Solid (n-s)	Sediment (non-saline)	Sediment
13114.mayer.34.s009	EMP sample	Free-living	Free-living (n-s)	Solid (n-s)	Sediment (non-saline)	Sediment
13114.mayer.34.s010	EMP sample	Free-living	Free-living (n-s)	Solid (n-s)	Sediment (non-saline)	Sediment
13114.mcmahon.21.s008	EMP sample	Free-living	Free-living (n-s)	Aqueous (n-s)	Water (non-saline)	Water
13114.mcmahon.21.s009	EMP sample	Free-living	Free-living (n-s)	Aqueous (n-s)	Water (non-saline)	Water
13114.mcmahon.21.s010	EMP sample	Free-living	Free-living (n-s)	Aqueous (n-s)	Water (non-saline)	Water
13114.metcalf.40.s001	EMP sample	Free-living	Free-living (n-s)	Solid (n-s)	Soil (non-saline)	Soil
13114.metcalf.40.s002	EMP sample	Free-living	Free-living (n-s)	Solid (n-s)	Soil (non-saline)	Soil
13114.metcalf.40.s003	EMP sample	Free-living	Free-living (n-s)	Solid (n-s)	Soil (non-saline)	Soil
13114.metcalf.40.s004	EMP sample	Free-living	Free-living (n-s)	Solid (n-s)	Soil (non-saline)	Soil
13114.metcalf.40.s005	EMP sample	Free-living	Free-living (n-s)	Solid (n-s)	Soil (non-saline)	Soil
13114.metcalf.40.s006	EMP sample	Free-living	Free-living (n-s)	Solid (n-s)	Soil (non-saline)	Soil
13114.metcalf.40.s007	EMP sample	Free-living	Free-living (n-s)	Solid (n-s)	Soil (non-saline)	Soil
13114.metcalf.40.s008	EMP sample	Free-living	Free-living (n-s)	Solid (n-s)	Soil (non-saline)	Soil
13114.metcalf.40.s009	EMP sample	Free-living	Free-living (n-s)	Solid (n-s)	Soil (non-saline)	Soil
13114.metcalf.40.s010	EMP sample	Free-living	Free-living (n-s)	Solid (n-s)	Soil (non-saline)	Soil
13114.metcalf.40.s011	EMP sample	Free-living	Free-living (n-s)	Solid (n-s)	Soil (non-saline)	Soil
13114.metcalf.40.s012	EMP sample	Free-living	Free-living (n-s)	Solid (n-s)	Soil (non-saline)	Soil
13114.metcalf.40.s013	EMP sample	Free-living	Free-living (n-s)	Solid (n-s)	Soil (non-saline)	Soil
13114.metcalf.40.s014	EMP sample	Free-living	Free-living (n-s)	Solid (n-s)	Soil (non-saline)	Soil
13114.metcalf.81.s001	EMP sample	Host-associated	Host-associated (n-s)	Animal (n-s)	Animal corpus (non-saline)	Animal corpus
13114.metcalf.81.s002	EMP sample	Host-associated	Host-associated (n-s)	Animal (n-s)	Animal corpus (non-saline)	Animal corpus
13114.metcalf.81.s003	EMP sample	Host-associated	Host-associated (n-s)	Animal (n-s)	Animal corpus (non-saline)	Animal corpus
13114.minich.76.s001	EMP sample	Host-associated	Host-associated (n-s)	Animal (n-s)	Animal distal gut (non-saline)	Animal distal gut
13114.minich.76.s002	EMP sample	Host-associated	Host-associated (n-s)	Animal (n-s)	Animal distal gut (non-saline)	Animal distal gut
13114.minich.76.s003	EMP sample	Host-associated	Host-associated (n-s)	Animal (n-s)	Animal distal gut (non-saline)	Animal distal gut
13114.minich.76.s004	EMP sample	Host-associated	Host-associated (n-s)	Animal (n-s)	Animal distal gut (non-saline)	Animal distal gut
13114.minich.76.s005	EMP sample	Host-associated	Host-associated (n-s)	Animal (n-s)	Animal distal gut (non-saline)	Animal distal gut
13114.minich.76.s006	EMP sample	Host-associated	Host-associated (n-s)	Animal (n-s)	Animal distal gut (non-saline)	Animal distal gut
13114.mousseau.88.s001	EMP sample	Host-associated	Host-associated (n-s)	Animal (n-s)	Animal distal gut (non-saline)	Animal distal gut
13114.mousseau.88.s002	EMP sample	Host-associated	Host-associated (n-s)	Animal (n-s)	Animal distal gut (non-saline)	Animal distal gut
13114.mousseau.88.s003	EMP sample	Host-associated	Host-associated (n-s)	Animal (n-s)	Animal distal gut (non-saline)	Animal distal gut
13114.mousseau.88.s004	EMP sample	Host-associated	Host-associated (n-s)	Animal (n-s)	Animal distal gut (non-saline)	Animal distal gut
13114.mousseau.88.s005	EMP sample	Host-associated	Host-associated (n-s)	Animal (n-s)	Animal distal gut (non-saline)	Animal distal gut
13114.mousseau.88.s006	EMP sample	Host-associated	Host-associated (n-s)	Animal (n-s)	Animal distal gut (non-saline)	Animal distal gut
13114.mousseau.88.s007	EMP sample	Host-associated	Host-associated (n-s)	Animal (n-s)	Animal distal gut (non-saline)	Animal distal gut
13114.mousseau.88.s008	EMP sample	Host-associated	Host-associated (n-s)	Animal (n-s)	Animal distal gut (non-saline)	Animal distal gut
13114.mousseau.88.s009	EMP sample	Host-associated	Host-associated (n-s)	Animal (n-s)	Animal distal gut (non-saline)	Animal distal gut
13114.mousseau.88.s010	EMP sample	Host-associated	Host-associated (n-s)	Animal (n-s)	Animal distal gut (non-saline)	Animal distal gut
13114.mousseau.88.s011	EMP sample	Host-associated	Host-associated (n-s)	Animal (n-s)	Animal distal gut (non-saline)	Animal distal gut
13114.mousseau.88.s012	EMP sample	Host-associated	Host-associated (n-s)	Animal (n-s)	Animal distal gut (non-saline)	Animal distal gut
13114.mousseau.88.s013	EMP sample	Host-associated	Host-associated (n-s)	Animal (n-s)	Animal distal gut (non-saline)	Animal distal gut
13114.mousseau.88.s014	EMP sample	Host-associated	Host-associated (n-s)	Animal (n-s)	Animal distal gut (non-saline)	Animal distal gut
13114.mousseau.88.s015	EMP sample	Host-associated	Host-associated (n-s)	Animal (n-s)	Animal distal gut (non-saline)	Animal distal gut
13114.mousseau.88.s016	EMP sample	Host-associated	Host-associated (n-s)	Animal (n-s)	Animal distal gut (non-saline)	Animal distal gut
13114.mousseau.88.s017	EMP sample	Host-associated	Host-associated (n-s)	Animal (n-s)	Animal distal gut (non-saline)	Animal distal gut
13114.mousseau.88.s018	EMP sample	Host-associated	Host-associated (n-s)	Animal (n-s)	Animal distal gut (non-saline)	Animal distal gut
13114.mousseau.88.s019	EMP sample	Host-associated	Host-associated (n-s)	Animal (n-s)	Animal distal gut (non-saline)	Animal distal gut
13114.mousseau.88.s020	EMP sample	Host-associated	Host-associated (n-s)	Animal (n-s)	Animal distal gut (non-saline)	Animal distal gut
13114.mousseau.88.s021	EMP sample	Host-associated	Host-associated (n-s)	Animal (n-s)	Animal distal gut (non-saline)	Animal distal gut
13114.mousseau.88.s022	EMP sample	Host-associated	Host-associated (n-s)	Animal (n-s)	Animal distal gut (non-saline)	Animal distal gut
13114.mousseau.88.s023	EMP sample	Host-associated	Host-associated (n-s)	Animal (n-s)	Animal distal gut (non-saline)	Animal distal gut
13114.mousseau.88.s024	EMP sample	Host-associated	Host-associated (n-s)	Animal (n-s)	Animal distal gut (non-saline)	Animal distal gut
13114.mousseau.88.s025	EMP sample	Host-associated	Host-associated (n-s)	Animal (n-s)	Animal distal gut (non-saline)	Animal distal gut
13114.mousseau.88.s026	EMP sample	Host-associated	Host-associated (n-s)	Animal (n-s)	Animal distal gut (non-saline)	Animal distal gut
13114.mousseau.88.s027	EMP sample	Host-associated	Host-associated (n-s)	Animal (n-s)	Animal distal gut (non-saline)	Animal distal gut
13114.mousseau.88.s028	EMP sample	Host-associated	Host-associated (n-s)	Animal (n-s)	Animal distal gut (non-saline)	Animal distal gut
13114.mousseau.88.s029	EMP sample	Host-associated	Host-associated (n-s)	Animal (n-s)	Animal distal gut (non-saline)	Animal distal gut
13114.mousseau.88.s030	EMP sample	Host-associated	Host-associated (n-s)	Animal (n-s)	Animal distal gut (non-saline)	Animal distal gut
13114.mousseau.88.s031	EMP sample	Host-associated	Host-associated (n-s)	Animal (n-s)	Animal distal gut (non-saline)	Animal distal gut
13114.mousseau.88.s032	EMP sample	Host-associated	Host-associated (n-s)	Animal (n-s)	Animal distal gut (non-saline)	Animal distal gut
13114.mousseau.88.s033	EMP sample	Host-associated	Host-associated (n-s)	Animal (n-s)	Animal distal gut (non-saline)	Animal distal gut
13114.mousseau.88.s034	EMP sample	Host-associated	Host-associated (n-s)	Animal (n-s)	Animal distal gut (non-saline)	Animal distal gut
13114.mousseau.88.s035	EMP sample	Host-associated	Host-associated (n-s)	Animal (n-s)	Animal distal gut (non-saline)	Animal distal gut
13114.mousseau.88.s036	EMP sample	Host-associated	Host-associated (n-s)	Animal (n-s)	Animal distal gut (non-saline)	Animal distal gut
13114.mousseau.88.s037	EMP sample	Host-associated	Host-associated (n-s)	Animal (n-s)	Animal distal gut (non-saline)	Animal distal gut
13114.mousseau.88.s039	EMP sample	Host-associated	Host-associated (n-s)	Animal (n-s)	Animal distal gut (non-saline)	Animal distal gut
13114.mousseau.88.s040	EMP sample	Host-associated	Host-associated (n-s)	Animal (n-s)	Animal distal gut (non-saline)	Animal distal gut
13114.mousseau.88.s041	EMP sample	Host-associated	Host-associated (n-s)	Animal (n-s)	Animal distal gut (non-saline)	Animal distal gut
13114.mousseau.88.s042	EMP sample	Host-associated	Host-associated (n-s)	Animal (n-s)	Animal distal gut (non-saline)	Animal distal gut
13114.mousseau.88.s043	EMP sample	Host-associated	Host-associated (n-s)	Animal (n-s)	Animal distal gut (non-saline)	Animal distal gut
13114.mousseau.88.s044	EMP sample	Host-associated	Host-associated (n-s)	Animal (n-s)	Animal distal gut (non-saline)	Animal distal gut
13114.mousseau.88.s045	EMP sample	Host-associated	Host-associated (n-s)	Animal (n-s)	Animal distal gut (non-saline)	Animal distal gut
13114.mousseau.88.s046	EMP sample	Host-associated	Host-associated (n-s)	Animal (n-s)	Animal distal gut (non-saline)	Animal distal gut
13114.mousseau.88.s047	EMP sample	Host-associated	Host-associated (n-s)	Animal (n-s)	Animal distal gut (non-saline)	Animal distal gut
13114.mousseau.88.s048	EMP sample	Host-associated	Host-associated (n-s)	Animal (n-s)	Animal distal gut (non-saline)	Animal distal gut
13114.mousseau.88.s049	EMP sample	Host-associated	Host-associated (n-s)	Animal (n-s)	Animal distal gut (non-saline)	Animal distal gut
13114.mousseau.88.s050	EMP sample	Host-associated	Host-associated (n-s)	Animal (n-s)	Animal distal gut (non-saline)	Animal distal gut
13114.mousseau.88.s051	EMP sample	Host-associated	Host-associated (n-s)	Animal (n-s)	Animal distal gut (non-saline)	Animal distal gut
13114.mousseau.88.s052	EMP sample	Host-associated	Host-associated (n-s)	Animal (n-s)	Animal distal gut (non-saline)	Animal distal gut
13114.mousseau.88.s053	EMP sample	Host-associated	Host-associated (n-s)	Animal (n-s)	Animal distal gut (non-saline)	Animal distal gut
13114.mousseau.88.s054	EMP sample	Host-associated	Host-associated (n-s)	Animal (n-s)	Animal distal gut (non-saline)	Animal distal gut
13114.mousseau.88.s055	EMP sample	Host-associated	Host-associated (n-s)	Animal (n-s)	Animal distal gut (non-saline)	Animal distal gut
13114.mousseau.88.s056	EMP sample	Host-associated	Host-associated (n-s)	Animal (n-s)	Animal distal gut (non-saline)	Animal distal gut
13114.mousseau.88.s057	EMP sample	Host-associated	Host-associated (n-s)	Animal (n-s)	Animal distal gut (non-saline)	Animal distal gut
13114.mousseau.88.s058	EMP sample	Host-associated	Host-associated (n-s)	Animal (n-s)	Animal distal gut (non-saline)	Animal distal gut
13114.mousseau.88.s059	EMP sample	Host-associated	Host-associated (n-s)	Animal (n-s)	Animal distal gut (non-saline)	Animal distal gut
13114.mousseau.88.s061	EMP sample	Host-associated	Host-associated (n-s)	Animal (n-s)	Animal distal gut (non-saline)	Animal distal gut
13114.mousseau.88.s062	EMP sample	Host-associated	Host-associated (n-s)	Animal (n-s)	Animal distal gut (non-saline)	Animal distal gut
13114.mousseau.88.s063	EMP sample	Host-associated	Host-associated (n-s)	Animal (n-s)	Animal distal gut (non-saline)	Animal distal gut
13114.mousseau.88.s064	EMP sample	Host-associated	Host-associated (n-s)	Animal (n-s)	Animal distal gut (non-saline)	Animal distal gut
13114.mousseau.88.s065	EMP sample	Host-associated	Host-associated (n-s)	Animal (n-s)	Animal distal gut (non-saline)	Animal distal gut
13114.mousseau.88.s066	EMP sample	Host-associated	Host-associated (n-s)	Animal (n-s)	Animal distal gut (non-saline)	Animal distal gut
13114.mousseau.88.s067	EMP sample	Host-associated	Host-associated (n-s)	Animal (n-s)	Animal distal gut (non-saline)	Animal distal gut
13114.mousseau.88.s068	EMP sample	Host-associated	Host-associated (n-s)	Animal (n-s)	Animal distal gut (non-saline)	Animal distal gut
13114.mousseau.88.s069	EMP sample	Host-associated	Host-associated (n-s)	Animal (n-s)	Animal distal gut (non-saline)	Animal distal gut
13114.mousseau.88.s070	EMP sample	Host-associated	Host-associated (n-s)	Animal (n-s)	Animal distal gut (non-saline)	Animal distal gut
13114.mousseau.88.s071	EMP sample	Host-associated	Host-associated (n-s)	Animal (n-s)	Animal distal gut (non-saline)	Animal distal gut
13114.mousseau.88.s072	EMP sample	Host-associated	Host-associated (n-s)	Animal (n-s)	Animal distal gut (non-saline)	Animal distal gut
13114.mousseau.88.s073	EMP sample	Host-associated	Host-associated (n-s)	Animal (n-s)	Animal distal gut (non-saline)	Animal distal gut
13114.mousseau.88.s074	EMP sample	Host-associated	Host-associated (n-s)	Animal (n-s)	Animal distal gut (non-saline)	Animal distal gut
13114.mousseau.88.s075	EMP sample	Host-associated	Host-associated (n-s)	Animal (n-s)	Animal distal gut (non-saline)	Animal distal gut
13114.mousseau.88.s076	EMP sample	Host-associated	Host-associated (n-s)	Animal (n-s)	Animal distal gut (non-saline)	Animal distal gut
13114.mousseau.88.s077	EMP sample	Host-associated	Host-associated (n-s)	Animal (n-s)	Animal distal gut (non-saline)	Animal distal gut
13114.mousseau.88.s078	EMP sample	Host-associated	Host-associated (n-s)	Animal (n-s)	Animal distal gut (non-saline)	Animal distal gut
13114.mousseau.88.s079	EMP sample	Host-associated	Host-associated (n-s)	Animal (n-s)	Animal distal gut (non-saline)	Animal distal gut
13114.mousseau.88.s080	EMP sample	Host-associated	Host-associated (n-s)	Animal (n-s)	Animal distal gut (non-saline)	Animal distal gut
13114.mousseau.88.s081	EMP sample	Host-associated	Host-associated (n-s)	Animal (n-s)	Animal distal gut (non-saline)	Animal distal gut
13114.mousseau.88.s082	EMP sample	Host-associated	Host-associated (n-s)	Animal (n-s)	Animal distal gut (non-saline)	Animal distal gut
13114.mousseau.88.s083	EMP sample	Host-associated	Host-associated (n-s)	Animal (n-s)	Animal distal gut (non-saline)	Animal distal gut
13114.mousseau.88.s084	EMP sample	Host-associated	Host-associated (n-s)	Animal (n-s)	Animal distal gut (non-saline)	Animal distal gut
13114.mousseau.88.s085	EMP sample	Host-associated	Host-associated (n-s)	Animal (n-s)	Animal distal gut (non-saline)	Animal distal gut
13114.mousseau.88.s086	EMP sample	Host-associated	Host-associated (n-s)	Animal (n-s)	Animal distal gut (non-saline)	Animal distal gut
13114.mousseau.88.s087	EMP sample	Host-associated	Host-associated (n-s)	Animal (n-s)	Animal distal gut (non-saline)	Animal distal gut
13114.mousseau.88.s088	EMP sample	Host-associated	Host-associated (n-s)	Animal (n-s)	Animal distal gut (non-saline)	Animal distal gut
13114.mousseau.88.s089	EMP sample	Host-associated	Host-associated (n-s)	Animal (n-s)	Animal distal gut (non-saline)	Animal distal gut
13114.mousseau.88.s090	EMP sample	Host-associated	Host-associated (n-s)	Animal (n-s)	Animal distal gut (non-saline)	Animal distal gut
13114.mousseau.88.s091	EMP sample	Host-associated	Host-associated (n-s)	Animal (n-s)	Animal distal gut (non-saline)	Animal distal gut
13114.mousseau.88.s092	EMP sample	Host-associated	Host-associated (n-s)	Animal (n-s)	Animal distal gut (non-saline)	Animal distal gut
13114.mousseau.88.s093	EMP sample	Host-associated	Host-associated (n-s)	Animal (n-s)	Animal distal gut (non-saline)	Animal distal gut
13114.mousseau.88.s094	EMP sample	Host-associated	Host-associated (n-s)	Animal (n-s)	Animal distal gut (non-saline)	Animal distal gut
13114.mousseau.88.s095	EMP sample	Host-associated	Host-associated (n-s)	Animal (n-s)	Animal distal gut (non-saline)	Animal distal gut
13114.mousseau.88.s096	EMP sample	Host-associated	Host-associated (n-s)	Animal (n-s)	Animal distal gut (non-saline)	Animal distal gut
13114.mousseau.88.s097	EMP sample	Host-associated	Host-associated (n-s)	Animal (n-s)	Animal distal gut (non-saline)	Animal distal gut
13114.mousseau.88.s098	EMP sample	Host-associated	Host-associated (n-s)	Animal (n-s)	Animal distal gut (non-saline)	Animal distal gut
13114.mousseau.88.s099	EMP sample	Host-associated	Host-associated (n-s)	Animal (n-s)	Animal distal gut (non-saline)	Animal distal gut
13114.mousseau.88.s100	EMP sample	Host-associated	Host-associated (n-s)	Animal (n-s)	Animal distal gut (non-saline)	Animal distal gut
13114.mousseau.88.s101	EMP sample	Host-associated	Host-associated (n-s)	Animal (n-s)	Animal distal gut (non-saline)	Animal distal gut
13114.mousseau.88.s102	EMP sample	Host-associated	Host-associated (n-s)	Animal (n-s)	Animal distal gut (non-saline)	Animal distal gut
13114.mousseau.88.s103	EMP sample	Host-associated	Host-associated (n-s)	Animal (n-s)	Animal distal gut (non-saline)	Animal distal gut
13114.mousseau.88.s104	EMP sample	Host-associated	Host-associated (n-s)	Animal (n-s)	Animal distal gut (non-saline)	Animal distal gut
13114.mousseau.88.s105	EMP sample	Host-associated	Host-associated (n-s)	Animal (n-s)	Animal distal gut (non-saline)	Animal distal gut
13114.mousseau.88.s106	EMP sample	Host-associated	Host-associated (n-s)	Animal (n-s)	Animal distal gut (non-saline)	Animal distal gut
13114.mousseau.88.s107	EMP sample	Host-associated	Host-associated (n-s)	Animal (n-s)	Animal distal gut (non-saline)	Animal distal gut
13114.mousseau.88.s108	EMP sample	Host-associated	Host-associated (n-s)	Animal (n-s)	Animal distal gut (non-saline)	Animal distal gut
13114.mousseau.88.s109	EMP sample	Host-associated	Host-associated (n-s)	Animal (n-s)	Animal distal gut (non-saline)	Animal distal gut
13114.mousseau.88.s110	EMP sample	Host-associated	Host-associated (n-s)	Animal (n-s)	Animal distal gut (non-saline)	Animal distal gut
13114.mousseau.88.s111	EMP sample	Host-associated	Host-associated (n-s)	Animal (n-s)	Animal distal gut (non-saline)	Animal distal gut
13114.mousseau.88.s112	EMP sample	Host-associated	Host-associated (n-s)	Animal (n-s)	Animal distal gut (non-saline)	Animal distal gut
13114.myrold.5.s001	EMP sample	Free-living	Free-living (n-s)	Solid (n-s)	Soil (non-saline)	Soil
13114.myrold.5.s002	EMP sample	Free-living	Free-living (n-s)	Solid (n-s)	Soil (non-saline)	Soil
13114.myrold.5.s003	EMP sample	Free-living	Free-living (n-s)	Solid (n-s)	Soil (non-saline)	Soil
13114.myrold.5.s004	EMP sample	Free-living	Free-living (n-s)	Solid (n-s)	Soil (non-saline)	Soil
13114.myrold.5.s005	EMP sample	Free-living	Free-living (n-s)	Solid (n-s)	Soil (non-saline)	Soil
13114.myrold.5.s006	EMP sample	Free-living	Free-living (n-s)	Solid (n-s)	Soil (non-saline)	Soil
13114.myrold.5.s007	EMP sample	Free-living	Free-living (n-s)	Solid (n-s)	Soil (non-saline)	Soil
13114.myrold.5.s008	EMP sample	Free-living	Free-living (n-s)	Solid (n-s)	Soil (non-saline)	Soil
13114.myrold.5.s009	EMP sample	Free-living	Free-living (n-s)	Solid (n-s)	Soil (non-saline)	Soil
13114.myrold.5.s010	EMP sample	Free-living	Free-living (n-s)	Solid (n-s)	Soil (non-saline)	Soil
13114.myrold.5.s011	EMP sample	Free-living	Free-living (n-s)	Solid (n-s)	Soil (non-saline)	Soil
13114.myrold.5.s012	EMP sample	Free-living	Free-living (n-s)	Solid (n-s)	Soil (non-saline)	Soil
13114.myrold.59.s001	EMP sample	Free-living	Free-living (n-s)	Solid (n-s)	Soil (non-saline)	Soil
13114.myrold.59.s002	EMP sample	Free-living	Free-living (n-s)	Solid (n-s)	Soil (non-saline)	Soil
13114.myrold.59.s003	EMP sample	Free-living	Free-living (n-s)	Solid (n-s)	Soil (non-saline)	Soil
13114.myrold.59.s004	EMP sample	Free-living	Free-living (n-s)	Solid (n-s)	Soil (non-saline)	Soil
13114.myrold.59.s005	EMP sample	Free-living	Free-living (n-s)	Solid (n-s)	Soil (non-saline)	Soil
13114.myrold.59.s006	EMP sample	Free-living	Free-living (n-s)	Solid (n-s)	Soil (non-saline)	Soil
13114.myrold.59.s007	EMP sample	Free-living	Free-living (n-s)	Solid (n-s)	Soil (non-saline)	Soil
13114.myrold.59.s008	EMP sample	Free-living	Free-living (n-s)	Solid (n-s)	Soil (non-saline)	Soil
13114.myrold.59.s009	EMP sample	Free-living	Free-living (n-s)	Solid (n-s)	Soil (non-saline)	Soil
13114.myrold.59.s010	EMP sample	Free-living	Free-living (n-s)	Solid (n-s)	Soil (non-saline)	Soil
13114.myrold.59.s011	EMP sample	Free-living	Free-living (n-s)	Solid (n-s)	Soil (non-saline)	Soil
13114.myrold.59.s012	EMP sample	Free-living	Free-living (n-s)	Solid (n-s)	Soil (non-saline)	Soil
13114.myrold.59.s013	EMP sample	Free-living	Free-living (n-s)	Solid (n-s)	Soil (non-saline)	Soil
13114.myrold.59.s014	EMP sample	Free-living	Free-living (n-s)	Solid (n-s)	Soil (non-saline)	Soil
13114.myrold.59.s015	EMP sample	Free-living	Free-living (n-s)	Solid (n-s)	Soil (non-saline)	Soil
13114.myrold.59.s016	EMP sample	Free-living	Free-living (n-s)	Solid (n-s)	Soil (non-saline)	Soil
13114.myrold.59.s017	EMP sample	Free-living	Free-living (n-s)	Solid (n-s)	Soil (non-saline)	Soil
13114.myrold.59.s019	EMP sample	Free-living	Free-living (n-s)	Solid (n-s)	Soil (non-saline)	Soil
13114.myrold.59.s020	EMP sample	Free-living	Free-living (n-s)	Solid (n-s)	Soil (non-saline)	Soil
13114.myrold.59.s021	EMP sample	Free-living	Free-living (n-s)	Solid (n-s)	Soil (non-saline)	Soil
13114.myrold.59.s022	EMP sample	Free-living	Free-living (n-s)	Solid (n-s)	Soil (non-saline)	Soil
13114.palenik.42.s001	EMP sample	Free-living	Free-living (s)	Aqueous (s)	Water (saline)	Water
13114.palenik.42.s002	EMP sample	Free-living	Free-living (s)	Aqueous (s)	Water (saline)	Water
13114.palenik.42.s003	EMP sample	Free-living	Free-living (s)	Aqueous (s)	Water (saline)	Water
13114.palenik.42.s004	EMP sample	Free-living	Free-living (s)	Aqueous (s)	Water (saline)	Water
13114.palenik.42.s005	EMP sample	Free-living	Free-living (s)	Aqueous (s)	Water (saline)	Water
13114.palenik.42.s006	EMP sample	Free-living	Free-living (s)	Aqueous (s)	Water (saline)	Water
13114.palenik.42.s007	EMP sample	Free-living	Free-living (s)	Aqueous (s)	Water (saline)	Water
13114.palenik.42.s008	EMP sample	Free-living	Free-living (s)	Aqueous (s)	Water (saline)	Water
13114.palenik.42.s009	EMP sample	Free-living	Free-living (s)	Aqueous (s)	Water (saline)	Water
13114.palenik.42.s010	EMP sample	Free-living	Free-living (s)	Aqueous (s)	Water (saline)	Water
13114.palenik.42.s011	EMP sample	Free-living	Free-living (s)	Aqueous (s)	Water (saline)	Water
13114.palenik.42.s012	EMP sample	Free-living	Free-living (s)	Aqueous (s)	Water (saline)	Water
13114.palenik.42.s013	EMP sample	Free-living	Free-living (s)	Aqueous (s)	Water (saline)	Water
13114.palenik.42.s014	EMP sample	Free-living	Free-living (s)	Aqueous (s)	Water (saline)	Water
13114.palenik.42.s015	EMP sample	Free-living	Free-living (s)	Aqueous (s)	Water (saline)	Water
13114.palenik.42.s017	EMP sample	Free-living	Free-living (s)	Aqueous (s)	Water (saline)	Water
13114.palenik.42.s018	EMP sample	Free-living	Free-living (s)	Aqueous (s)	Water (saline)	Water
13114.palenik.42.s019	EMP sample	Free-living	Free-living (s)	Aqueous (s)	Water (saline)	Water
13114.palenik.42.s020	EMP sample	Free-living	Free-living (s)	Aqueous (s)	Water (saline)	Water
13114.pinto.63.s001	EMP sample	Host-associated	Host-associated (n-s)	Plant (n-s)	Plant corpus (non-saline)	Plant corpus
13114.pinto.63.s002	EMP sample	Host-associated	Host-associated (n-s)	Plant (n-s)	Plant corpus (non-saline)	Plant corpus
13114.pinto.63.s003	EMP sample	Host-associated	Host-associated (n-s)	Plant (n-s)	Plant corpus (non-saline)	Plant corpus
13114.pinto.63.s004	EMP sample	Host-associated	Host-associated (n-s)	Plant (n-s)	Plant corpus (non-saline)	Plant corpus
13114.pinto.63.s005	EMP sample	Host-associated	Host-associated (n-s)	Plant (n-s)	Plant corpus (non-saline)	Plant corpus
13114.pinto.63.s006	EMP sample	Host-associated	Host-associated (n-s)	Plant (n-s)	Plant corpus (non-saline)	Plant corpus
13114.pinto.63.s007	EMP sample	Host-associated	Host-associated (n-s)	Plant (n-s)	Plant corpus (non-saline)	Plant corpus
13114.pinto.63.s008	EMP sample	Host-associated	Host-associated (n-s)	Plant (n-s)	Plant corpus (non-saline)	Plant corpus
13114.pinto.63.s009	EMP sample	Host-associated	Host-associated (n-s)	Plant (n-s)	Plant corpus (non-saline)	Plant corpus
13114.pinto.63.s010	EMP sample	Host-associated	Host-associated (n-s)	Plant (n-s)	Plant corpus (non-saline)	Plant corpus
13114.pinto.63.s011	EMP sample	Host-associated	Host-associated (n-s)	Plant (n-s)	Plant corpus (non-saline)	Plant corpus
13114.pinto.63.s012	EMP sample	Host-associated	Host-associated (n-s)	Plant (n-s)	Plant corpus (non-saline)	Plant corpus
13114.pinto.63.s013	EMP sample	Host-associated	Host-associated (n-s)	Plant (n-s)	Plant corpus (non-saline)	Plant corpus
13114.pinto.63.s014	EMP sample	Host-associated	Host-associated (n-s)	Plant (n-s)	Plant corpus (non-saline)	Plant corpus
13114.pinto.63.s015	EMP sample	Host-associated	Host-associated (n-s)	Plant (n-s)	Plant corpus (non-saline)	Plant corpus
13114.pinto.63.s016	EMP sample	Host-associated	Host-associated (n-s)	Plant (n-s)	Plant corpus (non-saline)	Plant corpus
13114.pinto.63.s017	EMP sample	Host-associated	Host-associated (n-s)	Plant (n-s)	Plant corpus (non-saline)	Plant corpus
13114.pinto.63.s018	EMP sample	Host-associated	Host-associated (n-s)	Plant (n-s)	Plant corpus (non-saline)	Plant corpus
13114.pinto.63.s019	EMP sample	Host-associated	Host-associated (n-s)	Plant (n-s)	Plant corpus (non-saline)	Plant corpus
13114.pinto.63.s020	EMP sample	Host-associated	Host-associated (n-s)	Plant (n-s)	Plant corpus (non-saline)	Plant corpus
13114.pinto.63.s021	EMP sample	Host-associated	Host-associated (n-s)	Plant (n-s)	Plant corpus (non-saline)	Plant corpus
13114.pinto.63.s022	EMP sample	Host-associated	Host-associated (n-s)	Plant (n-s)	Plant corpus (non-saline)	Plant corpus
13114.pinto.63.s023	EMP sample	Host-associated	Host-associated (n-s)	Plant (n-s)	Plant corpus (non-saline)	Plant corpus
13114.pinto.63.s024	EMP sample	Host-associated	Host-associated (n-s)	Plant (n-s)	Plant corpus (non-saline)	Plant corpus
13114.pinto.63.s025	EMP sample	Host-associated	Host-associated (n-s)	Plant (n-s)	Plant corpus (non-saline)	Plant corpus
13114.pinto.63.s026	EMP sample	Host-associated	Host-associated (n-s)	Plant (n-s)	Plant corpus (non-saline)	Plant corpus
13114.pinto.63.s027	EMP sample	Host-associated	Host-associated (n-s)	Plant (n-s)	Plant corpus (non-saline)	Plant corpus
13114.pinto.63.s028	EMP sample	Host-associated	Host-associated (n-s)	Plant (n-s)	Plant corpus (non-saline)	Plant corpus
13114.rohwer.84.s005	EMP sample	Free-living	Free-living (n-s)	Solid (n-s)	Soil (non-saline)	Soil
13114.rohwer.84.s006	EMP sample	Free-living	Free-living (n-s)	Solid (n-s)	Soil (non-saline)	Soil
13114.rohwer.84.s007	EMP sample	Free-living	Free-living (n-s)	Solid (n-s)	Soil (non-saline)	Soil
13114.rohwer.84.s008	EMP sample	Free-living	Free-living (n-s)	Solid (n-s)	Soil (non-saline)	Soil
13114.rohwer.85.s001	EMP sample	Free-living	Free-living (s)	Solid (s)	Sediment (saline)	Sediment
13114.rohwer.85.s002	EMP sample	Free-living	Free-living (s)	Solid (s)	Sediment (saline)	Sediment
13114.rohwer.85.s003	EMP sample	Free-living	Free-living (s)	Solid (s)	Sediment (saline)	Sediment
13114.rohwer.85.s004	EMP sample	Free-living	Free-living (s)	Solid (s)	Sediment (saline)	Sediment
13114.rohwer.85.s005	EMP sample	Free-living	Free-living (s)	Solid (s)	Sediment (saline)	Sediment
13114.rohwer.85.s006	EMP sample	Free-living	Free-living (s)	Solid (s)	Sediment (saline)	Sediment
13114.rohwer.85.s007	EMP sample	Free-living	Free-living (s)	Solid (s)	Sediment (saline)	Sediment
13114.rohwer.85.s008	EMP sample	Free-living	Free-living (s)	Solid (s)	Sediment (saline)	Sediment
13114.rohwer.85.s009	EMP sample	Free-living	Free-living (s)	Solid (s)	Sediment (saline)	Sediment
13114.rohwer.85.s010	EMP sample	Free-living	Free-living (s)	Solid (s)	Sediment (saline)	Sediment
13114.rohwer.85.s011	EMP sample	Free-living	Free-living (s)	Solid (s)	Sediment (saline)	Sediment
13114.rohwer.85.s012	EMP sample	Free-living	Free-living (s)	Solid (s)	Sediment (saline)	Sediment
13114.rohwer.85.s013	EMP sample	Free-living	Free-living (s)	Solid (s)	Sediment (saline)	Sediment
13114.rohwer.85.s014	EMP sample	Free-living	Free-living (s)	Solid (s)	Sediment (saline)	Sediment
13114.rohwer.85.s015	EMP sample	Free-living	Free-living (s)	Solid (s)	Sediment (saline)	Sediment
13114.rohwer.85.s016	EMP sample	Free-living	Free-living (s)	Solid (s)	Sediment (saline)	Sediment
13114.rohwer.85.s017	EMP sample	Free-living	Free-living (s)	Solid (s)	Sediment (saline)	Sediment
13114.rohwer.85.s018	EMP sample	Free-living	Free-living (s)	Solid (s)	Sediment (saline)	Sediment
13114.rohwer.85.s019	EMP sample	Free-living	Free-living (s)	Solid (s)	Sediment (saline)	Sediment
13114.rohwer.85.s020	EMP sample	Free-living	Free-living (s)	Solid (s)	Sediment (saline)	Sediment
13114.rohwer.85.s021	EMP sample	Free-living	Free-living (s)	Solid (s)	Sediment (saline)	Sediment
13114.rohwer.85.s022	EMP sample	Free-living	Free-living (s)	Solid (s)	Sediment (saline)	Sediment
13114.rohwer.85.s023	EMP sample	Free-living	Free-living (s)	Solid (s)	Sediment (saline)	Sediment
13114.rohwer.85.s024	EMP sample	Free-living	Free-living (s)	Solid (s)	Sediment (saline)	Sediment
13114.rohwer.85.s025	EMP sample	Free-living	Free-living (s)	Solid (s)	Sediment (saline)	Sediment
13114.rohwer.85.s026	EMP sample	Free-living	Free-living (s)	Solid (s)	Sediment (saline)	Sediment
13114.rohwer.85.s027	EMP sample	Free-living	Free-living (s)	Solid (s)	Sediment (saline)	Sediment
13114.rohwer.86.s001	EMP sample	Free-living	Free-living (s)	Aqueous (s)	Surface (saline)	Surface
13114.rohwer.86.s002	EMP sample	Free-living	Free-living (s)	Solid (s)	Sediment (saline)	Sediment
13114.rohwer.86.s003	EMP sample	Free-living	Free-living (s)	Aqueous (s)	Surface (saline)	Surface
13114.roy.chowdhury.45.s001	EMP sample	Free-living	Free-living (s)	Solid (s)	Soil (saline)	Soil
13114.roy.chowdhury.45.s002	EMP sample	Free-living	Free-living (s)	Solid (s)	Soil (saline)	Soil
13114.roy.chowdhury.45.s003	EMP sample	Free-living	Free-living (s)	Solid (s)	Soil (saline)	Soil
13114.roy.chowdhury.45.s004	EMP sample	Free-living	Free-living (s)	Solid (s)	Soil (saline)	Soil
13114.roy.chowdhury.45.s005	EMP sample	Free-living	Free-living (s)	Solid (s)	Soil (saline)	Soil
13114.roy.chowdhury.45.s006	EMP sample	Free-living	Free-living (s)	Solid (s)	Soil (saline)	Soil
13114.roy.chowdhury.45.s007	EMP sample	Free-living	Free-living (s)	Solid (s)	Soil (saline)	Soil
13114.roy.chowdhury.45.s008	EMP sample	Free-living	Free-living (s)	Solid (s)	Soil (saline)	Soil
13114.roy.chowdhury.45.s009	EMP sample	Free-living	Free-living (s)	Solid (s)	Soil (saline)	Soil
13114.roy.chowdhury.45.s010	EMP sample	Free-living	Free-living (s)	Solid (s)	Soil (saline)	Soil
13114.roy.chowdhury.45.s011	EMP sample	Free-living	Free-living (s)	Solid (s)	Soil (saline)	Soil
13114.roy.chowdhury.45.s012	EMP sample	Free-living	Free-living (s)	Solid (s)	Soil (saline)	Soil
13114.roy.chowdhury.45.s013	EMP sample	Free-living	Free-living (s)	Solid (s)	Soil (saline)	Soil
13114.roy.chowdhury.45.s014	EMP sample	Free-living	Free-living (s)	Solid (s)	Soil (saline)	Soil
13114.roy.chowdhury.45.s015	EMP sample	Free-living	Free-living (s)	Solid (s)	Soil (saline)	Soil
13114.roy.chowdhury.45.s016	EMP sample	Free-living	Free-living (s)	Solid (s)	Soil (saline)	Soil
13114.roy.chowdhury.45.s017	EMP sample	Free-living	Free-living (s)	Solid (s)	Soil (saline)	Soil
13114.roy.chowdhury.45.s018	EMP sample	Free-living	Free-living (s)	Solid (s)	Soil (saline)	Soil
13114.roy.chowdhury.45.s019	EMP sample	Free-living	Free-living (s)	Solid (s)	Soil (saline)	Soil
13114.roy.chowdhury.45.s020	EMP sample	Free-living	Free-living (s)	Solid (s)	Soil (saline)	Soil
13114.roy.chowdhury.45.s021	EMP sample	Free-living	Free-living (s)	Solid (s)	Soil (saline)	Soil
13114.roy.chowdhury.45.s022	EMP sample	Free-living	Free-living (s)	Solid (s)	Soil (saline)	Soil
13114.roy.chowdhury.45.s023	EMP sample	Free-living	Free-living (s)	Solid (s)	Soil (saline)	Soil
13114.roy.chowdhury.45.s024	EMP sample	Free-living	Free-living (s)	Solid (s)	Soil (saline)	Soil
13114.sandin.54.s001	EMP sample	Host-associated	Host-associated (s)	Animal (s)	Animal proximal gut (saline)	Animal proximal gut
13114.sandin.54.s002	EMP sample	Host-associated	Host-associated (s)	Animal (s)	Animal proximal gut (saline)	Animal proximal gut
13114.sandin.54.s003	EMP sample	Host-associated	Host-associated (s)	Animal (s)	Animal proximal gut (saline)	Animal proximal gut
13114.sandin.54.s004	EMP sample	Host-associated	Host-associated (s)	Animal (s)	Animal proximal gut (saline)	Animal proximal gut
13114.sandin.54.s005	EMP sample	Host-associated	Host-associated (s)	Animal (s)	Animal proximal gut (saline)	Animal proximal gut
13114.sandin.54.s006	EMP sample	Host-associated	Host-associated (s)	Animal (s)	Animal proximal gut (saline)	Animal proximal gut
13114.sandin.54.s007	EMP sample	Host-associated	Host-associated (s)	Animal (s)	Animal proximal gut (saline)	Animal proximal gut
13114.sandin.54.s008	EMP sample	Host-associated	Host-associated (s)	Animal (s)	Animal proximal gut (saline)	Animal proximal gut
13114.sandin.54.s009	EMP sample	Host-associated	Host-associated (s)	Animal (s)	Animal proximal gut (saline)	Animal proximal gut
13114.sandin.54.s010	EMP sample	Host-associated	Host-associated (s)	Animal (s)	Animal proximal gut (saline)	Animal proximal gut
13114.sandin.54.s011	EMP sample	Host-associated	Host-associated (s)	Animal (s)	Animal proximal gut (saline)	Animal proximal gut
13114.sandin.54.s012	EMP sample	Host-associated	Host-associated (s)	Animal (s)	Animal proximal gut (saline)	Animal proximal gut
13114.sandin.54.s013	EMP sample	Host-associated	Host-associated (s)	Animal (s)	Animal proximal gut (saline)	Animal proximal gut
13114.sandin.54.s014	EMP sample	Host-associated	Host-associated (s)	Animal (s)	Animal proximal gut (saline)	Animal proximal gut
13114.sandin.54.s015	EMP sample	Host-associated	Host-associated (s)	Animal (s)	Animal proximal gut (saline)	Animal proximal gut
13114.schmidt.56.s001	EMP sample	Free-living	Free-living (n-s)	Solid (n-s)	Soil (non-saline)	Soil
13114.schmidt.56.s002	EMP sample	Free-living	Free-living (n-s)	Solid (n-s)	Soil (non-saline)	Soil
13114.schmidt.56.s003	EMP sample	Free-living	Free-living (n-s)	Solid (n-s)	Soil (non-saline)	Soil
13114.schmidt.56.s004	EMP sample	Free-living	Free-living (n-s)	Solid (n-s)	Soil (non-saline)	Soil
13114.schmidt.56.s005	EMP sample	Free-living	Free-living (n-s)	Solid (n-s)	Soil (non-saline)	Soil
13114.schmidt.56.s006	EMP sample	Free-living	Free-living (n-s)	Solid (n-s)	Soil (non-saline)	Soil
13114.schmidt.56.s007	EMP sample	Free-living	Free-living (n-s)	Solid (n-s)	Soil (non-saline)	Soil
13114.schmidt.56.s008	EMP sample	Free-living	Free-living (n-s)	Solid (n-s)	Soil (non-saline)	Soil
13114.schmidt.56.s009	EMP sample	Free-living	Free-living (n-s)	Solid (n-s)	Soil (non-saline)	Soil
13114.schmidt.56.s010	EMP sample	Free-living	Free-living (n-s)	Solid (n-s)	Soil (non-saline)	Soil
13114.schmidt.56.s011	EMP sample	Free-living	Free-living (n-s)	Solid (n-s)	Soil (non-saline)	Soil
13114.schmidt.56.s012	EMP sample	Free-living	Free-living (n-s)	Solid (n-s)	Soil (non-saline)	Soil
13114.schmidt.56.s013	EMP sample	Free-living	Free-living (n-s)	Solid (n-s)	Soil (non-saline)	Soil
13114.schmidt.56.s014	EMP sample	Free-living	Free-living (n-s)	Solid (n-s)	Soil (non-saline)	Soil
13114.schmidt.56.s015	EMP sample	Free-living	Free-living (n-s)	Solid (n-s)	Soil (non-saline)	Soil
13114.schmidt.56.s016	EMP sample	Free-living	Free-living (n-s)	Solid (n-s)	Soil (non-saline)	Soil
13114.schmidt.56.s017	EMP sample	Free-living	Free-living (n-s)	Solid (n-s)	Soil (non-saline)	Soil
13114.schmidt.56.s018	EMP sample	Free-living	Free-living (n-s)	Solid (n-s)	Soil (non-saline)	Soil
13114.schmidt.56.s019	EMP sample	Free-living	Free-living (n-s)	Solid (n-s)	Soil (non-saline)	Soil
13114.schmidt.56.s020	EMP sample	Free-living	Free-living (n-s)	Solid (n-s)	Soil (non-saline)	Soil
13114.schmidt.56.s021	EMP sample	Free-living	Free-living (n-s)	Solid (n-s)	Soil (non-saline)	Soil
13114.schmidt.56.s022	EMP sample	Free-living	Free-living (n-s)	Solid (n-s)	Soil (non-saline)	Soil
13114.schmidt.56.s023	EMP sample	Free-living	Free-living (n-s)	Solid (n-s)	Soil (non-saline)	Soil
13114.schmidt.56.s024	EMP sample	Free-living	Free-living (n-s)	Solid (n-s)	Soil (non-saline)	Soil
13114.schmidt.56.s025	EMP sample	Free-living	Free-living (n-s)	Solid (n-s)	Soil (non-saline)	Soil
13114.schmidt.56.s026	EMP sample	Free-living	Free-living (n-s)	Solid (n-s)	Soil (non-saline)	Soil
13114.seedorf.71.s001	EMP sample	Free-living	Free-living (n-s)	Solid (n-s)	Soil (non-saline)	Soil
13114.seedorf.71.s002	EMP sample	Free-living	Free-living (n-s)	Solid (n-s)	Soil (non-saline)	Soil
13114.seedorf.71.s003	EMP sample	Free-living	Free-living (n-s)	Solid (n-s)	Soil (non-saline)	Soil
13114.seedorf.71.s004	EMP sample	Free-living	Free-living (n-s)	Solid (n-s)	Soil (non-saline)	Soil
13114.seedorf.71.s005	EMP sample	Free-living	Free-living (n-s)	Solid (n-s)	Soil (non-saline)	Soil
13114.seedorf.71.s006	EMP sample	Free-living	Free-living (n-s)	Solid (n-s)	Soil (non-saline)	Soil
13114.seedorf.71.s007	EMP sample	Free-living	Free-living (n-s)	Solid (n-s)	Soil (non-saline)	Soil
13114.seedorf.71.s008	EMP sample	Free-living	Free-living (n-s)	Solid (n-s)	Soil (non-saline)	Soil
13114.seedorf.71.s009	EMP sample	Free-living	Free-living (n-s)	Solid (n-s)	Soil (non-saline)	Soil
13114.seedorf.71.s010	EMP sample	Free-living	Free-living (n-s)	Solid (n-s)	Soil (non-saline)	Soil
13114.seedorf.71.s011	EMP sample	Free-living	Free-living (n-s)	Solid (n-s)	Soil (non-saline)	Soil
13114.seedorf.71.s012	EMP sample	Free-living	Free-living (n-s)	Solid (n-s)	Soil (non-saline)	Soil
13114.seedorf.71.s013	EMP sample	Free-living	Free-living (n-s)	Solid (n-s)	Soil (non-saline)	Soil
13114.seedorf.71.s014	EMP sample	Free-living	Free-living (n-s)	Solid (n-s)	Soil (non-saline)	Soil
13114.shade.23.s001	EMP sample	Free-living	Free-living (n-s)	Solid (n-s)	Soil (non-saline)	Soil
13114.shade.23.s002	EMP sample	Free-living	Free-living (n-s)	Solid (n-s)	Soil (non-saline)	Soil
13114.shade.23.s003	EMP sample	Free-living	Free-living (n-s)	Solid (n-s)	Soil (non-saline)	Soil
13114.shade.23.s004	EMP sample	Free-living	Free-living (n-s)	Solid (n-s)	Soil (non-saline)	Soil
13114.shade.23.s005	EMP sample	Free-living	Free-living (n-s)	Solid (n-s)	Soil (non-saline)	Soil
13114.shade.23.s006	EMP sample	Free-living	Free-living (n-s)	Solid (n-s)	Soil (non-saline)	Soil
13114.shade.23.s007	EMP sample	Free-living	Free-living (n-s)	Solid (n-s)	Soil (non-saline)	Soil
13114.shade.23.s008	EMP sample	Free-living	Free-living (n-s)	Solid (n-s)	Soil (non-saline)	Soil
13114.shade.23.s009	EMP sample	Free-living	Free-living (n-s)	Solid (n-s)	Soil (non-saline)	Soil
13114.shade.23.s010	EMP sample	Free-living	Free-living (n-s)	Solid (n-s)	Soil (non-saline)	Soil
13114.smith.39.s001	EMP sample	Host-associated	Host-associated (s)	Plant (s)	Plant surface (saline)	Plant surface
13114.smith.39.s002	EMP sample	Host-associated	Host-associated (s)	Plant (s)	Plant surface (saline)	Plant surface
13114.smith.39.s003	EMP sample	Host-associated	Host-associated (s)	Plant (s)	Plant surface (saline)	Plant surface
13114.smith.39.s004	EMP sample	Host-associated	Host-associated (s)	Plant (s)	Plant surface (saline)	Plant surface
13114.smith.39.s005	EMP sample	Host-associated	Host-associated (s)	Plant (s)	Plant surface (saline)	Plant surface
13114.smith.39.s006	EMP sample	Host-associated	Host-associated (s)	Plant (s)	Plant surface (saline)	Plant surface
13114.smith.39.s007	EMP sample	Host-associated	Host-associated (s)	Plant (s)	Plant surface (saline)	Plant surface
13114.smith.39.s008	EMP sample	Host-associated	Host-associated (s)	Plant (s)	Plant surface (saline)	Plant surface
13114.song.51.s001	EMP sample	Host-associated	Host-associated (n-s)	Animal (n-s)	Animal distal gut (non-saline)	Animal distal gut
13114.song.51.s002	EMP sample	Host-associated	Host-associated (n-s)	Animal (n-s)	Animal distal gut (non-saline)	Animal distal gut
13114.song.51.s003	EMP sample	Host-associated	Host-associated (n-s)	Animal (n-s)	Animal distal gut (non-saline)	Animal distal gut
13114.song.51.s004	EMP sample	Host-associated	Host-associated (n-s)	Animal (n-s)	Animal distal gut (non-saline)	Animal distal gut
13114.song.51.s005	EMP sample	Host-associated	Host-associated (n-s)	Animal (n-s)	Animal distal gut (non-saline)	Animal distal gut
13114.song.51.s006	EMP sample	Host-associated	Host-associated (n-s)	Animal (n-s)	Animal distal gut (non-saline)	Animal distal gut
13114.song.51.s007	EMP sample	Host-associated	Host-associated (n-s)	Animal (n-s)	Animal distal gut (non-saline)	Animal distal gut
13114.song.51.s008	EMP sample	Host-associated	Host-associated (n-s)	Animal (n-s)	Animal distal gut (non-saline)	Animal distal gut
13114.song.51.s009	EMP sample	Host-associated	Host-associated (n-s)	Animal (n-s)	Animal distal gut (non-saline)	Animal distal gut
13114.song.51.s010	EMP sample	Host-associated	Host-associated (n-s)	Animal (n-s)	Animal distal gut (non-saline)	Animal distal gut
13114.song.51.s011	EMP sample	Host-associated	Host-associated (n-s)	Animal (n-s)	Animal distal gut (non-saline)	Animal distal gut
13114.song.51.s012	EMP sample	Host-associated	Host-associated (n-s)	Animal (n-s)	Animal distal gut (non-saline)	Animal distal gut
13114.song.51.s013	EMP sample	Host-associated	Host-associated (n-s)	Animal (n-s)	Animal distal gut (non-saline)	Animal distal gut
13114.song.51.s014	EMP sample	Host-associated	Host-associated (n-s)	Animal (n-s)	Animal distal gut (non-saline)	Animal distal gut
13114.song.51.s015	EMP sample	Host-associated	Host-associated (n-s)	Animal (n-s)	Animal distal gut (non-saline)	Animal distal gut
13114.song.51.s016	EMP sample	Host-associated	Host-associated (n-s)	Animal (n-s)	Animal distal gut (non-saline)	Animal distal gut
13114.song.51.s017	EMP sample	Host-associated	Host-associated (n-s)	Animal (n-s)	Animal distal gut (non-saline)	Animal distal gut
13114.song.51.s018	EMP sample	Host-associated	Host-associated (n-s)	Animal (n-s)	Animal distal gut (non-saline)	Animal distal gut
13114.song.51.s019	EMP sample	Host-associated	Host-associated (n-s)	Animal (n-s)	Animal distal gut (non-saline)	Animal distal gut
13114.song.51.s020	EMP sample	Host-associated	Host-associated (n-s)	Animal (n-s)	Animal distal gut (non-saline)	Animal distal gut
13114.song.52.s001	EMP sample	Host-associated	Host-associated (n-s)	Animal (n-s)	Animal distal gut (non-saline)	Animal distal gut
13114.song.52.s002	EMP sample	Host-associated	Host-associated (n-s)	Animal (n-s)	Animal distal gut (non-saline)	Animal distal gut
13114.song.52.s003	EMP sample	Host-associated	Host-associated (n-s)	Animal (n-s)	Animal distal gut (non-saline)	Animal distal gut
13114.song.52.s004	EMP sample	Host-associated	Host-associated (n-s)	Animal (n-s)	Animal distal gut (non-saline)	Animal distal gut
13114.song.52.s005	EMP sample	Host-associated	Host-associated (n-s)	Animal (n-s)	Animal distal gut (non-saline)	Animal distal gut
13114.song.52.s006	EMP sample	Host-associated	Host-associated (n-s)	Animal (n-s)	Animal distal gut (non-saline)	Animal distal gut
13114.song.52.s007	EMP sample	Host-associated	Host-associated (n-s)	Animal (n-s)	Animal distal gut (non-saline)	Animal distal gut
13114.song.52.s008	EMP sample	Host-associated	Host-associated (n-s)	Animal (n-s)	Animal distal gut (non-saline)	Animal distal gut
13114.song.52.s009	EMP sample	Host-associated	Host-associated (n-s)	Animal (n-s)	Animal distal gut (non-saline)	Animal distal gut
13114.song.52.s010	EMP sample	Host-associated	Host-associated (n-s)	Animal (n-s)	Animal distal gut (non-saline)	Animal distal gut
13114.song.52.s011	EMP sample	Host-associated	Host-associated (n-s)	Animal (n-s)	Animal distal gut (non-saline)	Animal distal gut
13114.song.52.s012	EMP sample	Host-associated	Host-associated (n-s)	Animal (n-s)	Animal distal gut (non-saline)	Animal distal gut
13114.song.52.s013	EMP sample	Host-associated	Host-associated (n-s)	Animal (n-s)	Animal distal gut (non-saline)	Animal distal gut
13114.song.52.s014	EMP sample	Host-associated	Host-associated (n-s)	Animal (n-s)	Animal distal gut (non-saline)	Animal distal gut
13114.song.52.s015	EMP sample	Host-associated	Host-associated (n-s)	Animal (n-s)	Animal distal gut (non-saline)	Animal distal gut
13114.song.53.s001	EMP sample	Host-associated	Host-associated (n-s)	Animal (n-s)	Animal distal gut (non-saline)	Animal distal gut
13114.song.53.s002	EMP sample	Host-associated	Host-associated (n-s)	Animal (n-s)	Animal distal gut (non-saline)	Animal distal gut
13114.song.53.s003	EMP sample	Host-associated	Host-associated (n-s)	Animal (n-s)	Animal distal gut (non-saline)	Animal distal gut
13114.song.53.s004	EMP sample	Host-associated	Host-associated (n-s)	Animal (n-s)	Animal distal gut (non-saline)	Animal distal gut
13114.song.53.s005	EMP sample	Host-associated	Host-associated (n-s)	Animal (n-s)	Animal distal gut (non-saline)	Animal distal gut
13114.song.53.s006	EMP sample	Host-associated	Host-associated (n-s)	Animal (n-s)	Animal distal gut (non-saline)	Animal distal gut
13114.song.53.s007	EMP sample	Host-associated	Host-associated (n-s)	Animal (n-s)	Animal distal gut (non-saline)	Animal distal gut
13114.song.53.s008	EMP sample	Host-associated	Host-associated (n-s)	Animal (n-s)	Animal distal gut (non-saline)	Animal distal gut
13114.song.53.s009	EMP sample	Host-associated	Host-associated (n-s)	Animal (n-s)	Animal distal gut (non-saline)	Animal distal gut
13114.song.53.s010	EMP sample	Host-associated	Host-associated (n-s)	Animal (n-s)	Animal distal gut (non-saline)	Animal distal gut
13114.song.53.s011	EMP sample	Host-associated	Host-associated (n-s)	Animal (n-s)	Animal distal gut (non-saline)	Animal distal gut
13114.song.53.s012	EMP sample	Host-associated	Host-associated (n-s)	Animal (n-s)	Animal distal gut (non-saline)	Animal distal gut
13114.song.53.s013	EMP sample	Host-associated	Host-associated (n-s)	Animal (n-s)	Animal distal gut (non-saline)	Animal distal gut
13114.song.53.s014	EMP sample	Host-associated	Host-associated (n-s)	Animal (n-s)	Animal distal gut (non-saline)	Animal distal gut
13114.song.53.s015	EMP sample	Host-associated	Host-associated (n-s)	Animal (n-s)	Animal distal gut (non-saline)	Animal distal gut
13114.song.75.s001	EMP sample	Host-associated	Host-associated (n-s)	Animal (n-s)	Animal distal gut (non-saline)	Animal distal gut
13114.song.75.s002	EMP sample	Host-associated	Host-associated (n-s)	Animal (n-s)	Animal distal gut (non-saline)	Animal distal gut
13114.song.75.s003	EMP sample	Host-associated	Host-associated (n-s)	Animal (n-s)	Animal distal gut (non-saline)	Animal distal gut
13114.song.75.s004	EMP sample	Host-associated	Host-associated (n-s)	Animal (n-s)	Animal distal gut (non-saline)	Animal distal gut
13114.stegen.36.s001	EMP sample	Free-living	Free-living (n-s)	Solid (n-s)	Soil (non-saline)	Soil
13114.stegen.36.s002	EMP sample	Free-living	Free-living (n-s)	Solid (n-s)	Soil (non-saline)	Soil
13114.stegen.36.s003	EMP sample	Free-living	Free-living (n-s)	Solid (n-s)	Soil (non-saline)	Soil
13114.stegen.36.s004	EMP sample	Free-living	Free-living (n-s)	Solid (n-s)	Soil (non-saline)	Soil
13114.stegen.36.s005	EMP sample	Free-living	Free-living (n-s)	Solid (n-s)	Soil (non-saline)	Soil
13114.stegen.36.s006	EMP sample	Free-living	Free-living (n-s)	Solid (n-s)	Soil (non-saline)	Soil
13114.stegen.36.s007	EMP sample	Free-living	Free-living (n-s)	Solid (n-s)	Soil (non-saline)	Soil
13114.stegen.36.s008	EMP sample	Free-living	Free-living (n-s)	Solid (n-s)	Soil (non-saline)	Soil
13114.stegen.36.s009	EMP sample	Free-living	Free-living (n-s)	Solid (n-s)	Soil (non-saline)	Soil
13114.stegen.36.s010	EMP sample	Free-living	Free-living (n-s)	Solid (n-s)	Soil (non-saline)	Soil
13114.stegen.36.s011	EMP sample	Free-living	Free-living (n-s)	Solid (n-s)	Soil (non-saline)	Soil
13114.stegen.36.s012	EMP sample	Free-living	Free-living (n-s)	Solid (n-s)	Soil (non-saline)	Soil
13114.stegen.36.s013	EMP sample	Free-living	Free-living (n-s)	Solid (n-s)	Soil (non-saline)	Soil
13114.stegen.36.s014	EMP sample	Free-living	Free-living (n-s)	Solid (n-s)	Soil (non-saline)	Soil
13114.stegen.36.s015	EMP sample	Free-living	Free-living (n-s)	Solid (n-s)	Soil (non-saline)	Soil
13114.stegen.37.s001	EMP sample	Free-living	Free-living (n-s)	Solid (n-s)	Sediment (non-saline)	Sediment
13114.stegen.37.s002	EMP sample	Free-living	Free-living (n-s)	Solid (n-s)	Sediment (non-saline)	Sediment
13114.stegen.37.s003	EMP sample	Free-living	Free-living (n-s)	Solid (n-s)	Sediment (non-saline)	Sediment
13114.stegen.37.s004	EMP sample	Free-living	Free-living (n-s)	Solid (n-s)	Sediment (non-saline)	Sediment
13114.stegen.37.s005	EMP sample	Free-living	Free-living (n-s)	Solid (n-s)	Sediment (non-saline)	Sediment
13114.stegen.37.s006	EMP sample	Free-living	Free-living (n-s)	Solid (n-s)	Sediment (non-saline)	Sediment
13114.stegen.37.s007	EMP sample	Free-living	Free-living (n-s)	Solid (n-s)	Sediment (non-saline)	Sediment
13114.stegen.37.s008	EMP sample	Free-living	Free-living (n-s)	Solid (n-s)	Sediment (non-saline)	Sediment
13114.stegen.37.s009	EMP sample	Free-living	Free-living (n-s)	Solid (n-s)	Sediment (non-saline)	Sediment
13114.stegen.37.s010	EMP sample	Free-living	Free-living (n-s)	Solid (n-s)	Sediment (non-saline)	Sediment
13114.stegen.38.s001	EMP sample	Free-living	Free-living (n-s)	Solid (n-s)	Soil (non-saline)	Soil
13114.stegen.38.s002	EMP sample	Free-living	Free-living (n-s)	Solid (n-s)	Soil (non-saline)	Soil
13114.stegen.38.s003	EMP sample	Free-living	Free-living (n-s)	Solid (n-s)	Soil (non-saline)	Soil
13114.stegen.38.s004	EMP sample	Free-living	Free-living (n-s)	Solid (n-s)	Soil (non-saline)	Soil
13114.stegen.38.s005	EMP sample	Free-living	Free-living (n-s)	Solid (n-s)	Soil (non-saline)	Soil
13114.stegen.38.s006	EMP sample	Free-living	Free-living (n-s)	Solid (n-s)	Soil (non-saline)	Soil
13114.stegen.38.s007	EMP sample	Free-living	Free-living (n-s)	Solid (n-s)	Soil (non-saline)	Soil
13114.stegen.38.s008	EMP sample	Free-living	Free-living (n-s)	Solid (n-s)	Soil (non-saline)	Soil
13114.stegen.38.s009	EMP sample	Free-living	Free-living (n-s)	Solid (n-s)	Soil (non-saline)	Soil
13114.stegen.38.s010	EMP sample	Free-living	Free-living (n-s)	Solid (n-s)	Soil (non-saline)	Soil
13114.stegen.38.s011	EMP sample	Free-living	Free-living (n-s)	Solid (n-s)	Soil (non-saline)	Soil
13114.stegen.38.s012	EMP sample	Free-living	Free-living (n-s)	Solid (n-s)	Soil (non-saline)	Soil
13114.stegen.38.s013	EMP sample	Free-living	Free-living (n-s)	Solid (n-s)	Soil (non-saline)	Soil
13114.stegen.38.s014	EMP sample	Free-living	Free-living (n-s)	Solid (n-s)	Soil (non-saline)	Soil
13114.stegen.38.s015	EMP sample	Free-living	Free-living (n-s)	Solid (n-s)	Soil (non-saline)	Soil
13114.stegen.38.s016	EMP sample	Free-living	Free-living (n-s)	Solid (n-s)	Soil (non-saline)	Soil
13114.stegen.38.s017	EMP sample	Free-living	Free-living (n-s)	Solid (n-s)	Soil (non-saline)	Soil
13114.stegen.38.s018	EMP sample	Free-living	Free-living (n-s)	Solid (n-s)	Soil (non-saline)	Soil
13114.stewart.26.s001	EMP sample	Free-living	Free-living (s)	Aqueous (s)	Water (saline)	Water
13114.stewart.26.s002	EMP sample	Free-living	Free-living (s)	Aqueous (s)	Water (saline)	Water
13114.stewart.26.s003	EMP sample	Free-living	Free-living (s)	Aqueous (s)	Water (saline)	Water
13114.stewart.26.s004	EMP sample	Free-living	Free-living (s)	Aqueous (s)	Water (saline)	Water
13114.stewart.26.s005	EMP sample	Free-living	Free-living (s)	Aqueous (s)	Water (saline)	Water
13114.stewart.26.s006	EMP sample	Free-living	Free-living (s)	Aqueous (s)	Water (saline)	Water
13114.stewart.26.s007	EMP sample	Free-living	Free-living (s)	Aqueous (s)	Water (saline)	Water
13114.stewart.26.s008	EMP sample	Free-living	Free-living (s)	Aqueous (s)	Water (saline)	Water
13114.tait.77.s001	EMP sample	Free-living	Free-living (s)	Aqueous (s)	Water (saline)	Water
13114.tait.77.s002	EMP sample	Free-living	Free-living (s)	Aqueous (s)	Water (saline)	Water
13114.tait.77.s003	EMP sample	Free-living	Free-living (s)	Aqueous (s)	Water (saline)	Water
13114.tait.77.s004	EMP sample	Free-living	Free-living (s)	Aqueous (s)	Water (saline)	Water
13114.tait.77.s005	EMP sample	Free-living	Free-living (s)	Aqueous (s)	Water (saline)	Water
13114.tait.77.s006	EMP sample	Free-living	Free-living (s)	Aqueous (s)	Water (saline)	Water
13114.tait.77.s007	EMP sample	Free-living	Free-living (s)	Aqueous (s)	Water (saline)	Water
13114.tait.77.s008	EMP sample	Free-living	Free-living (s)	Aqueous (s)	Water (saline)	Water
13114.tait.77.s009	EMP sample	Free-living	Free-living (s)	Aqueous (s)	Water (saline)	Water
13114.tait.78.s001	EMP sample	Free-living	Free-living (s)	Solid (s)	Sediment (saline)	Sediment
13114.tait.78.s002	EMP sample	Free-living	Free-living (s)	Solid (s)	Sediment (saline)	Sediment
13114.tait.78.s003	EMP sample	Free-living	Free-living (s)	Solid (s)	Sediment (saline)	Sediment
13114.thomas.18.s001	EMP sample	Host-associated	Host-associated (s)	Animal (s)	Animal corpus (saline)	Animal corpus
13114.thomas.18.s002	EMP sample	Host-associated	Host-associated (s)	Animal (s)	Animal corpus (saline)	Animal corpus
13114.thomas.18.s003	EMP sample	Host-associated	Host-associated (s)	Animal (s)	Animal corpus (saline)	Animal corpus
13114.thomas.18.s008	EMP sample	Host-associated	Host-associated (s)	Animal (s)	Animal corpus (saline)	Animal corpus
13114.thomas.18.s009	EMP sample	Host-associated	Host-associated (s)	Animal (s)	Animal corpus (saline)	Animal corpus
13114.thomas.18.s010	EMP sample	Host-associated	Host-associated (s)	Animal (s)	Animal corpus (saline)	Animal corpus
13114.thomas.18.s011	EMP sample	Host-associated	Host-associated (s)	Animal (s)	Animal corpus (saline)	Animal corpus
13114.thomas.18.s012	EMP sample	Host-associated	Host-associated (s)	Animal (s)	Animal corpus (saline)	Animal corpus
13114.thomas.18.s013	EMP sample	Host-associated	Host-associated (s)	Animal (s)	Animal corpus (saline)	Animal corpus
13114.thomas.18.s014	EMP sample	Host-associated	Host-associated (s)	Animal (s)	Animal corpus (saline)	Animal corpus
13114.thomas.18.s015	EMP sample	Host-associated	Host-associated (s)	Animal (s)	Animal corpus (saline)	Animal corpus
13114.thomas.18.s016	EMP sample	Host-associated	Host-associated (s)	Animal (s)	Animal corpus (saline)	Animal corpus
13114.thomas.18.s019	EMP sample	Host-associated	Host-associated (s)	Animal (s)	Animal corpus (saline)	Animal corpus
13114.thomas.18.s021	EMP sample	Host-associated	Host-associated (s)	Animal (s)	Animal corpus (saline)	Animal corpus
13114.thomas.18.s023	EMP sample	Host-associated	Host-associated (s)	Animal (s)	Animal corpus (saline)	Animal corpus
13114.thomas.18.s024	EMP sample	Host-associated	Host-associated (s)	Animal (s)	Animal corpus (saline)	Animal corpus
13114.thomas.18.s025	EMP sample	Host-associated	Host-associated (s)	Animal (s)	Animal corpus (saline)	Animal corpus
13114.thomas.18.s026	EMP sample	Host-associated	Host-associated (s)	Animal (s)	Animal corpus (saline)	Animal corpus
13114.thomas.18.s028	EMP sample	Host-associated	Host-associated (s)	Animal (s)	Animal corpus (saline)	Animal corpus
13114.thomas.18.s029	EMP sample	Host-associated	Host-associated (s)	Animal (s)	Animal corpus (saline)	Animal corpus
13114.thomas.18.s030	EMP sample	Host-associated	Host-associated (s)	Animal (s)	Animal corpus (saline)	Animal corpus
13114.thomas.18.s031	EMP sample	Host-associated	Host-associated (s)	Animal (s)	Animal corpus (saline)	Animal corpus
13114.thomas.18.s032	EMP sample	Host-associated	Host-associated (s)	Animal (s)	Animal corpus (saline)	Animal corpus
13114.thomas.18.s033	EMP sample	Host-associated	Host-associated (s)	Animal (s)	Animal corpus (saline)	Animal corpus
13114.thomas.18.s034	EMP sample	Host-associated	Host-associated (s)	Animal (s)	Animal corpus (saline)	Animal corpus
13114.thomas.18.s035	EMP sample	Host-associated	Host-associated (s)	Animal (s)	Animal corpus (saline)	Animal corpus
13114.thomas.18.s036	EMP sample	Host-associated	Host-associated (s)	Animal (s)	Animal corpus (saline)	Animal corpus
13114.thomas.18.s037	EMP sample	Host-associated	Host-associated (s)	Animal (s)	Animal corpus (saline)	Animal corpus
13114.thomas.18.s038	EMP sample	Host-associated	Host-associated (s)	Animal (s)	Animal corpus (saline)	Animal corpus
13114.thomas.18.s039	EMP sample	Host-associated	Host-associated (s)	Animal (s)	Animal corpus (saline)	Animal corpus
13114.thomas.18.s040	EMP sample	Host-associated	Host-associated (s)	Animal (s)	Animal corpus (saline)	Animal corpus
13114.thomas.18.s041	EMP sample	Host-associated	Host-associated (s)	Animal (s)	Animal corpus (saline)	Animal corpus
13114.thomas.18.s042	EMP sample	Host-associated	Host-associated (s)	Animal (s)	Animal corpus (saline)	Animal corpus
13114.thomas.18.s043	EMP sample	Host-associated	Host-associated (s)	Animal (s)	Animal corpus (saline)	Animal corpus
13114.thomas.18.s044	EMP sample	Host-associated	Host-associated (s)	Animal (s)	Animal corpus (saline)	Animal corpus
13114.thomas.18.s045	EMP sample	Host-associated	Host-associated (s)	Animal (s)	Animal corpus (saline)	Animal corpus
13114.thomas.18.s046	EMP sample	Host-associated	Host-associated (s)	Animal (s)	Animal corpus (saline)	Animal corpus
13114.thomas.18.s047	EMP sample	Host-associated	Host-associated (s)	Animal (s)	Animal corpus (saline)	Animal corpus
13114.thomas.18.s048	EMP sample	Host-associated	Host-associated (s)	Animal (s)	Animal corpus (saline)	Animal corpus
13114.thomas.18.s049	EMP sample	Host-associated	Host-associated (s)	Animal (s)	Animal corpus (saline)	Animal corpus
13114.thomas.18.s050	EMP sample	Host-associated	Host-associated (s)	Animal (s)	Animal corpus (saline)	Animal corpus
13114.thomas.18.s051	EMP sample	Host-associated	Host-associated (s)	Animal (s)	Animal corpus (saline)	Animal corpus
13114.thomas.18.s052	EMP sample	Host-associated	Host-associated (s)	Animal (s)	Animal corpus (saline)	Animal corpus
13114.thomas.18.s053	EMP sample	Host-associated	Host-associated (s)	Animal (s)	Animal corpus (saline)	Animal corpus
13114.thomas.18.s054	EMP sample	Host-associated	Host-associated (s)	Animal (s)	Animal corpus (saline)	Animal corpus
13114.thomas.18.s055	EMP sample	Host-associated	Host-associated (s)	Animal (s)	Animal corpus (saline)	Animal corpus
13114.thomas.18.s056	EMP sample	Host-associated	Host-associated (s)	Animal (s)	Animal corpus (saline)	Animal corpus
13114.thomas.18.s057	EMP sample	Host-associated	Host-associated (s)	Animal (s)	Animal corpus (saline)	Animal corpus
13114.thomas.19.s050	EMP sample	Host-associated	Host-associated (s)	Plant (s)	Plant surface (saline)	Plant surface
13114.thomas.19.s051	EMP sample	Host-associated	Host-associated (s)	Plant (s)	Plant surface (saline)	Plant surface
13114.thomas.19.s052	EMP sample	Host-associated	Host-associated (s)	Plant (s)	Plant surface (saline)	Plant surface
13114.thomas.19.s053	EMP sample	Host-associated	Host-associated (s)	Plant (s)	Plant surface (saline)	Plant surface
13114.thomas.19.s054	EMP sample	Host-associated	Host-associated (s)	Plant (s)	Plant surface (saline)	Plant surface
13114.thomas.19.s055	EMP sample	Host-associated	Host-associated (s)	Plant (s)	Plant surface (saline)	Plant surface
13114.thomas.19.s056	EMP sample	Host-associated	Host-associated (s)	Plant (s)	Plant surface (saline)	Plant surface
13114.thomas.19.s057	EMP sample	Host-associated	Host-associated (s)	Plant (s)	Plant surface (saline)	Plant surface
13114.thomas.19.s058	EMP sample	Host-associated	Host-associated (s)	Plant (s)	Plant surface (saline)	Plant surface
13114.thomas.19.s059	EMP sample	Host-associated	Host-associated (s)	Plant (s)	Plant surface (saline)	Plant surface
13114.thomas.19.s060	EMP sample	Host-associated	Host-associated (s)	Plant (s)	Plant surface (saline)	Plant surface
13114.thomas.19.s061	EMP sample	Host-associated	Host-associated (s)	Plant (s)	Plant surface (saline)	Plant surface
13114.thomas.19.s062	EMP sample	Host-associated	Host-associated (s)	Plant (s)	Plant surface (saline)	Plant surface
13114.thomas.19.s063	EMP sample	Host-associated	Host-associated (s)	Plant (s)	Plant surface (saline)	Plant surface
13114.thomas.19.s064	EMP sample	Host-associated	Host-associated (s)	Plant (s)	Plant surface (saline)	Plant surface
13114.tucker.58.s001	EMP sample	Free-living	Free-living (n-s)	Aqueous (n-s)	Subsurface (non-saline)	Subsurface
13114.tucker.58.s002	EMP sample	Free-living	Free-living (n-s)	Aqueous (n-s)	Subsurface (non-saline)	Subsurface
13114.tucker.58.s003	EMP sample	Free-living	Free-living (n-s)	Aqueous (n-s)	Subsurface (non-saline)	Subsurface
13114.tucker.58.s004	EMP sample	Free-living	Free-living (n-s)	Aqueous (n-s)	Subsurface (non-saline)	Subsurface
13114.tucker.58.s005	EMP sample	Free-living	Free-living (n-s)	Aqueous (n-s)	Subsurface (non-saline)	Subsurface
13114.tucker.58.s006	EMP sample	Free-living	Free-living (n-s)	Aqueous (n-s)	Subsurface (non-saline)	Subsurface
13114.tucker.58.s007	EMP sample	Free-living	Free-living (n-s)	Aqueous (n-s)	Subsurface (non-saline)	Subsurface
13114.tucker.58.s008	EMP sample	Free-living	Free-living (n-s)	Aqueous (n-s)	Subsurface (non-saline)	Subsurface
13114.tucker.58.s009	EMP sample	Free-living	Free-living (n-s)	Aqueous (n-s)	Subsurface (non-saline)	Subsurface
13114.tucker.58.s010	EMP sample	Free-living	Free-living (n-s)	Aqueous (n-s)	Subsurface (non-saline)	Subsurface
13114.tucker.58.s011	EMP sample	Free-living	Free-living (n-s)	Aqueous (n-s)	Water (non-saline)	Water
13114.tucker.58.s012	EMP sample	Free-living	Free-living (n-s)	Aqueous (n-s)	Water (non-saline)	Water
13114.tucker.58.s013	EMP sample	Free-living	Free-living (n-s)	Aqueous (n-s)	Water (non-saline)	Water
13114.tucker.58.s014	EMP sample	Free-living	Free-living (n-s)	Aqueous (n-s)	Water (non-saline)	Water
13114.tucker.58.s015	EMP sample	Free-living	Free-living (n-s)	Aqueous (n-s)	Water (non-saline)	Water
13114.tucker.58.s016	EMP sample	Free-living	Free-living (n-s)	Aqueous (n-s)	Water (non-saline)	Water
13114.uren.82.s001	EMP sample	Host-associated	Host-associated (n-s)	Fungus (n-s)	Fungus corpus (non-saline)	Fungus corpus
13114.uren.82.s002	EMP sample	Host-associated	Host-associated (n-s)	Fungus (n-s)	Fungus corpus (non-saline)	Fungus corpus
13114.uren.82.s003	EMP sample	Host-associated	Host-associated (n-s)	Fungus (n-s)	Fungus corpus (non-saline)	Fungus corpus
13114.uren.82.s004	EMP sample	Host-associated	Host-associated (n-s)	Fungus (n-s)	Fungus corpus (non-saline)	Fungus corpus
13114.uren.82.s005	EMP sample	Host-associated	Host-associated (n-s)	Fungus (n-s)	Fungus corpus (non-saline)	Fungus corpus
13114.uren.82.s006	EMP sample	Host-associated	Host-associated (n-s)	Fungus (n-s)	Fungus corpus (non-saline)	Fungus corpus
13114.uren.82.s007	EMP sample	Host-associated	Host-associated (n-s)	Fungus (n-s)	Fungus corpus (non-saline)	Fungus corpus
13114.uren.82.s008	EMP sample	Host-associated	Host-associated (n-s)	Fungus (n-s)	Fungus corpus (non-saline)	Fungus corpus
13114.uren.82.s009	EMP sample	Host-associated	Host-associated (n-s)	Fungus (n-s)	Fungus corpus (non-saline)	Fungus corpus
13114.uren.82.s010	EMP sample	Host-associated	Host-associated (n-s)	Fungus (n-s)	Fungus corpus (non-saline)	Fungus corpus
13114.uren.82.s011	EMP sample	Host-associated	Host-associated (n-s)	Fungus (n-s)	Fungus corpus (non-saline)	Fungus corpus
13114.uren.82.s012	EMP sample	Host-associated	Host-associated (n-s)	Fungus (n-s)	Fungus corpus (non-saline)	Fungus corpus
13114.zaneveld.9.s001	EMP sample	Host-associated	Host-associated (s)	Animal (s)	Animal secretion (saline)	Animal secretion
13114.zaneveld.9.s002	EMP sample	Host-associated	Host-associated (s)	Animal (s)	Animal secretion (saline)	Animal secretion
13114.zaneveld.9.s003	EMP sample	Host-associated	Host-associated (s)	Animal (s)	Animal secretion (saline)	Animal secretion
13114.zaneveld.9.s004	EMP sample	Host-associated	Host-associated (s)	Animal (s)	Animal secretion (saline)	Animal secretion
13114.zaneveld.9.s005	EMP sample	Host-associated	Host-associated (s)	Animal (s)	Animal secretion (saline)	Animal secretion
13114.zaneveld.9.s006	EMP sample	Host-associated	Host-associated (s)	Animal (s)	Animal secretion (saline)	Animal secretion
13114.zaneveld.9.s007	EMP sample	Host-associated	Host-associated (s)	Animal (s)	Animal secretion (saline)	Animal secretion
13114.zaneveld.9.s008	EMP sample	Host-associated	Host-associated (s)	Animal (s)	Animal secretion (saline)	Animal secretion
13114.zaneveld.9.s009	EMP sample	Host-associated	Host-associated (s)	Animal (s)	Animal secretion (saline)	Animal secretion
13114.zaneveld.9.s010	EMP sample	Host-associated	Host-associated (s)	Animal (s)	Animal secretion (saline)	Animal secretion
13114.zaneveld.9.s011	EMP sample	Host-associated	Host-associated (s)	Animal (s)	Animal secretion (saline)	Animal secretion
13114.zaneveld.9.s012	EMP sample	Host-associated	Host-associated (s)	Animal (s)	Animal secretion (saline)	Animal secretion
13114.zaneveld.9.s013	EMP sample	Host-associated	Host-associated (s)	Animal (s)	Animal secretion (saline)	Animal secretion
13114.zaneveld.9.s014	EMP sample	Host-associated	Host-associated (s)	Animal (s)	Animal secretion (saline)	Animal secretion
13114.zaneveld.9.s015	EMP sample	Host-associated	Host-associated (s)	Animal (s)	Animal secretion (saline)	Animal secretion
13114.zaneveld.9.s016	EMP sample	Host-associated	Host-associated (s)	Animal (s)	Animal secretion (saline)	Animal secretion
13114.zaneveld.9.s017	EMP sample	Host-associated	Host-associated (s)	Animal (s)	Animal secretion (saline)	Animal secretion
13114.zaneveld.9.s018	EMP sample	Host-associated	Host-associated (s)	Animal (s)	Animal secretion (saline)	Animal secretion
13114.zaneveld.9.s019	EMP sample	Host-associated	Host-associated (s)	Animal (s)	Animal secretion (saline)	Animal secretion
13114.zaneveld.9.s020	EMP sample	Host-associated	Host-associated (s)	Animal (s)	Animal secretion (saline)	Animal secretion
13114.zaneveld.9.s021	EMP sample	Free-living	Free-living (s)	Aqueous (s)	Water (saline)	Water
13114.zaneveld.9.s022	EMP sample	Free-living	Free-living (s)	Aqueous (s)	Water (saline)	Water
